suku_code,aldeia_code,no,aldeia
AIL-S001,AIL-A0001,1,Aituhularan
AIL-S001,AIL-A0002,2,Bercati
AIL-S001,AIL-A0003,3,Bessilau
AIL-S001,AIL-A0004,4,Ercoatun
AIL-S001,AIL-A0005,5,Hudilaran
AIL-S002,AIL-A0006,6,Dailor
AIL-S002,AIL-A0007,7,Raelete
AIL-S002,AIL-A0008,8,Taiblor
AIL-S003,AIL-A0009,9,Daulala
AIL-S003,AIL-A0010,10,Fahiria
AIL-S003,AIL-A0011,11,Fatubuti
AIL-S003,AIL-A0012,12,Manulete
AIL-S003,AIL-A0013,13,Sidole
AIL-S004,AIL-A0014,14,Caicasa
AIL-S004,AIL-A0015,15,Coulau
AIL-S004,AIL-A0016,16,Erhetu
AIL-S004,AIL-A0017,17,Fatubossa
AIL-S004,AIL-A0018,18,Hoholete
AIL-S004,AIL-A0019,19,Liclaucana
AIL-S004,AIL-A0020,20,Urhua
AIL-S005,AIL-A0021,21,Hatuhei
AIL-S005,AIL-A0022,22,Maurusa
AIL-S005,AIL-A0023,23,Taratihi
AIL-S005,AIL-A0024,24,Raco
AIL-S006,AIL-A0025,25,Aslimhati
AIL-S006,AIL-A0026,26,Hatulai
AIL-S006,AIL-A0027,27,Manubata
AIL-S006,AIL-A0028,28,Mau-Uluria
AIL-S006,AIL-A0029,29,Saharai
AIL-S007,AIL-A0030,30,Denhuni
AIL-S007,AIL-A0031,31,Eralolo
AIL-S007,AIL-A0032,32,Lacasori
AIL-S007,AIL-A0033,33,Lahae
AIL-S007,AIL-A0034,34,Riatelo
AIL-S008,AIL-A0035,35,Erbuti
AIL-S008,AIL-A0036,36,Lausi
AIL-S008,AIL-A0037,37,Riafusun
AIL-S009,AIL-A0038,38,Erluli
AIL-S009,AIL-A0039,39,Lequitura
AIL-S009,AIL-A0040,40,Rai-Rema
AIL-S009,AIL-A0041,41,Riheun
AIL-S010,AIL-A0042,42,Era Kolo-Bere
AIL-S010,AIL-A0043,43,Malani
AIL-S010,AIL-A0044,44,Sarin
AIL-S011,AIL-A0045,45,Banderahun
AIL-S011,AIL-A0046,46,Coulaudo
AIL-S011,AIL-A0047,47,Fatubessi
AIL-S011,AIL-A0048,48,Fatulmau
AIL-S011,AIL-A0049,49,Laclo
AIL-S011,AIL-A0050,50,Raimansu
AIL-S011,AIL-A0051,51,Rairema
AIL-S011,AIL-A0052,52,Quirilelo
AIL-S012,AIL-A0053,53,Bermanuleu
AIL-S012,AIL-A0054,54,Lerulete
AIL-S012,AIL-A0055,55,Saboria
AIL-S013,AIL-A0056,56,Casamou
AIL-S013,AIL-A0057,57,Colihoho
AIL-S013,AIL-A0058,58,Fatumane
AIL-S013,AIL-A0059,59,Faularan
AIL-S013,AIL-A0060,60,Halalmeta
AIL-S013,AIL-A0061,61,Leobraudu
AIL-S013,AIL-A0062,62,Lio
AIL-S013,AIL-A0063,63,Raicoalefa
AIL-S013,AIL-A0064,64,Tabulasi
AIL-S013,AIL-A0065,65,Talifurleu
AIL-S014,AIL-A0066,66,Cotbauru
AIL-S014,AIL-A0067,67,Hularema
AIL-S014,AIL-A0068,68,Kabasfatin
AIL-S014,AIL-A0069,69,Malere
AIL-S015,AIL-A0070,70,Fatumanro
AIL-S015,AIL-A0071,71,Leroliça
AIL-S016,AIL-A0072,72,Dasilelo
AIL-S016,AIL-A0073,73,Fatubutik
AIL-S016,AIL-A0074,74,Kolimanuk
AIL-S016,AIL-A0075,75,Larnunu
AIL-S017,AIL-A0076,76,Aimerahun
AIL-S017,AIL-A0077,77,Karimon
AIL-S017,AIL-A0078,78,Fahilebun
AIL-S017,AIL-A0079,79,Sumir
AIL-S018,AIL-A0080,80,Cotomori
AIL-S018,AIL-A0081,81,Manutane
AIL-S018,AIL-A0082,82,Laraluha
AIL-S019,AIL-A0083,83,Roluli
AIL-S019,AIL-A0084,84,Samalete
AIL-S020,AIL-A0085,85,Lequiça
AIL-S020,AIL-A0086,86,Lilitei
AIL-S020,AIL-A0087,87,Raifatu
AIL-S020,AIL-A0088,88,Rileu
AIL-S021,AIL-A0089,89,Bereliço
AIL-S021,AIL-A0090,90,Caitaco
AIL-S021,AIL-A0091,91,Faculau
AIL-S021,AIL-A0092,92,Raimerahei
AIL-S022,AIL-A0093,93,Aibana
AIL-S022,AIL-A0094,94,Aitoi
AIL-S022,AIL-A0095,95,Tuqueu
AIL-S023,AIL-A0096,96,Aibutihun
AIL-S023,AIL-A0097,97,Ramerahei
AIL-S023,AIL-A0098,98,Lebutu
AIL-S024,AIL-A0099,99,Bereliurai
AIL-S024,AIL-A0100,100,Deruti
AIL-S024,AIL-A0101,101,Mautoba
AIL-S025,AIL-A0102,102,Acumata
AIL-S025,AIL-A0103,103,Biloco
AIL-S025,AIL-A0104,104,Hautoho
AIL-S026,AIL-A0105,105,Naumata
AIL-S026,AIL-A0106,106,Lebutun
AIL-S026,AIL-A0107,107,Sarabere
AIL-S027,AIL-A0108,108,Bereleu
AIL-S027,AIL-A0109,109,Lebumetan
AIL-S027,AIL-A0110,110,Leubutu
AIL-S027,AIL-A0111,111,Riamori
AIL-S027,AIL-A0112,112,Tataresi
AIL-S028,AIL-A0113,113,Dailorluta
AIL-S028,AIL-A0114,114,Locotoi
AIL-S028,AIL-A0115,115,Tatilisame
AIL-S029,AIL-A0116,116,Cairema
AIL-S029,AIL-A0117,117,Lebumeran
AIL-S030,AIL-A0118,118,Fatumerin
AIL-S030,AIL-A0119,119,Manutai
AIL-S031,AIL-A0120,120,Aitoin
AIL-S031,AIL-A0121,121,Lacabou
AIL-S031,AIL-A0122,122,Maucurunamo
AIL-S031,AIL-A0123,123,Serema
AIL-S032,AIL-A0124,124,Donfonamo
AIL-S032,AIL-A0125,125,Ermequi
AIL-S032,AIL-A0126,126,Cuncin
AIL-S032,AIL-A0127,127,Mauberhatan
AIL-S033,AIL-A0128,128,Binona
AIL-S033,AIL-A0129,129,Cotolau
AIL-S033,AIL-A0130,130,Lebucucu
AIL-S033,AIL-A0131,131,Ornai
AIL-S033,AIL-A0132,132,Ramerlau
AIL-S034,AIL-A0133,133,Casmantutu
AIL-S034,AIL-A0134,134,Fatuc-Hun
AIL-S034,AIL-A0135,135,Quelae
AIL-S034,AIL-A0136,136,Talitu
AIL-S035,AIL-A0137,137,Belumhatu
AIL-S035,AIL-A0138,138,Desmanhata
AIL-S035,AIL-A0139,139,Lismori
AIL-S035,AIL-A0140,140,Manehalo
AIL-S035,AIL-A0141,141,Manufoni
AIL-S035,AIL-A0142,142,Remapati
AIL-S036,AIL-A0143,143,Acadiro
AIL-S036,AIL-A0144,144,Berlihu-Meta
AIL-S036,AIL-A0145,145,Tohumeta
AIL-S037,AIL-A0146,146,Banro
AIL-S037,AIL-A0147,147,Maubouc
AIL-S037,AIL-A0148,148,Umanlau
AIN-S038,AIN-A0149,149,Ainaro
AIN-S038,AIN-A0150,150,Builico
AIN-S038,AIN-A0151,151,Hato-Mera
AIN-S038,AIN-A0152,152,Lugatu
AIN-S038,AIN-A0153,153,Nugufu
AIN-S038,AIN-A0154,154,Sebagulau
AIN-S038,AIN-A0155,155,Teliga
AIN-S039,AIN-A0156,156,Boltama
AIN-S039,AIN-A0157,157,Civil
AIN-S039,AIN-A0158,158,Lailima
AIN-S039,AIN-A0159,159,Mau-Suka Bemoris
AIN-S039,AIN-A0160,160,Queça-Mau
AIN-S040,AIN-A0161,161,Bau-Hati-Lau
AIN-S040,AIN-A0162,162,Canudo
AIN-S040,AIN-A0163,163,Hatu-Meta-Udo
AIN-S040,AIN-A0164,164,Rae-Buti-Udo
AIN-S041,AIN-A0165,165,Aileu
AIN-S041,AIN-A0166,166,Mama-Lau
AIN-S041,AIN-A0167,167,Mau-Suca
AIN-S042,AIN-A0168,168,Dagamessa
AIN-S042,AIN-A0169,169,Hato-Lau
AIN-S042,AIN-A0170,170,Hato-Lelo
AIN-S042,AIN-A0171,171,Mau-Ulo-Pu
AIN-S042,AIN-A0172,172,Mau-Ulo-Lau
AIN-S043,AIN-A0173,173,Guer-Udo
AIN-S043,AIN-A0174,174,Leo-Lala
AIN-S043,AIN-A0175,175,Poe-Lau
AIN-S043,AIN-A0176,176,Terlora
AIN-S044,AIN-A0177,177,Aileu
AIN-S044,AIN-A0178,178,Bazar
AIN-S044,AIN-A0179,179,Nó-Ulo
AIN-S044,AIN-A0180,180,Ria-Mori
AIN-S045,AIN-A0181,181,Aihou
AIN-S045,AIN-A0182,182,Airaca-Lau
AIN-S045,AIN-A0183,183,Betulala
AIN-S045,AIN-A0184,184,Goulolo
AIN-S045,AIN-A0185,185,Hato-Buti
AIN-S045,AIN-A0186,186,Lebututo
AIN-S045,AIN-A0187,187,Lientuto
AIN-S045,AIN-A0188,188,Mau-Lefo
AIN-S045,AIN-A0189,189,Russulau
AIN-S046,AIN-A0190,190,Demutete
AIN-S046,AIN-A0191,191,Hebau
AIN-S046,AIN-A0192,192,Lobibo
AIN-S046,AIN-A0193,193,Rai-Mera
AIN-S046,AIN-A0194,194,Talale
AIN-S046,AIN-A0195,195,Tali-Felo
AIN-S047,AIN-A0196,196,Caitara
AIN-S047,AIN-A0197,197,Cassimidei
AIN-S047,AIN-A0198,198,Hohulo
AIN-S047,AIN-A0199,199,Rae-Buti-Lau
AIN-S047,AIN-A0200,200,Titibauria
AIN-S047,AIN-A0201,201,Tutu-Fili
AIN-S048,AIN-A0202,202,Cartolo
AIN-S048,AIN-A0203,203,Gourema
AIN-S048,AIN-A0204,204,Hatossao
AIN-S048,AIN-A0205,205,Lau-Heli
AIN-S049,AIN-A0206,206,Bere-Tai
AIN-S049,AIN-A0207,207,Erbean
AIN-S049,AIN-A0208,208,Hoho-Naro
AIN-S049,AIN-A0209,209,Mau-Mude
AIN-S050,AIN-A0210,210,Cotomata
AIN-S050,AIN-A0211,211,Ernaro
AIN-S050,AIN-A0212,212,Hautei
AIN-S050,AIN-A0213,213,Hautilo
AIN-S051,AIN-A0214,214,Boro-Ulo
AIN-S051,AIN-A0215,215,Dau-Lelo
AIN-S051,AIN-A0216,216,Hahi-Tali
AIN-S051,AIN-A0217,217,Lebo-Luli
AIN-S051,AIN-A0218,218,Mau-Lai
AIN-S051,AIN-A0219,219,Quiri-Coli
AIN-S051,AIN-A0220,220,Russulau
AIN-S052,AIN-A0221,221,Cano-Rema
AIN-S052,AIN-A0222,222,Goulala
AIN-S052,AIN-A0223,223,Hato-Fae
AIN-S052,AIN-A0224,224,Hato-Luli
AIN-S052,AIN-A0225,225,Hautado
AIN-S052,AIN-A0226,226,Liqui-Tei
AIN-S052,AIN-A0227,227,Ria-Leco
AIN-S052,AIN-A0228,228,Ria-Mori
AIN-S052,AIN-A0229,229,Sarlala
AIN-S052,AIN-A0230,230,Teli-Tuco
AIN-S052,AIN-A0231,231,Ura-Hou
AIN-S052,AIN-A0232,232,Villa
AIN-S053,AIN-A0233,233,Aihosan
AIN-S053,AIN-A0234,234,Hahi-Mau
AIN-S053,AIN-A0235,235,Hatu-Cade
AIN-S053,AIN-A0236,236,Hatu-Lete
AIN-S053,AIN-A0237,237,Laca-Mali-Cau
AIN-S053,AIN-A0238,238,Lumo-Luli
AIN-S053,AIN-A0239,239,Maleria
AIN-S053,AIN-A0240,240,Rita
AIN-S053,AIN-A0241,241,Tara-Bula
AIN-S053,AIN-A0242,242,Ussululi
AIN-S054,AIN-A0243,243,Goulora
AIN-S054,AIN-A0244,244,Hato-Quero
AIN-S054,AIN-A0245,245,Leotelo I
AIN-S054,AIN-A0246,246,Leotelo II
AIN-S054,AIN-A0247,247,Mauchiga
AIN-S055,AIN-A0248,248,Aituto
AIN-S055,AIN-A0249,249,Bleheto
AIN-S055,AIN-A0250,250,Hautio
AIN-S055,AIN-A0251,251,Mano-Mera
AIN-S055,AIN-A0252,252,Maulahulo
AIN-S055,AIN-A0253,253,Mulo
AIN-S055,AIN-A0254,254,Queorudo
AIN-S055,AIN-A0255,255,Tatiri
AIN-S056,AIN-A0256,256,Hato-Builico
AIN-S056,AIN-A0257,257,Hato-Seraquei
AIN-S056,AIN-A0258,258,Laqueco
AIN-S056,AIN-A0259,259,Lebulau
AIN-S056,AIN-A0260,260,Mausoromata
AIN-S056,AIN-A0261,261,Nuno-Mogue-Lau
AIN-S056,AIN-A0262,262,Queorema
AIN-S056,AIN-A0263,263,Tucaro
AIN-S057,AIN-A0264,264,Ailora
AIN-S057,AIN-A0265,265,Ainaro-Quic
AIN-S057,AIN-A0266,266,Baha
AIN-S057,AIN-A0267,267,Lebu-Mera
AIN-S057,AIN-A0268,268,Lesso
AIN-S057,AIN-A0269,269,Raimerlau
AIN-S058,AIN-A0270,270,Aimerleu
AIN-S058,AIN-A0271,271,Dausur
AIN-S058,AIN-A0272,272,Goulau
AIN-S058,AIN-A0273,273,Groto
AIN-S058,AIN-A0274,274,Hutseo
AIN-S058,AIN-A0275,275,Lesse
AIN-S058,AIN-A0276,276,Luro
AIN-S058,AIN-A0277,277,Nuno-Boco
AIN-S058,AIN-A0278,278,Rae-Soro
AIN-S058,AIN-A0279,279,Suro-Craic
ATA-S059,ATA-A0280,280,Adara
ATA-S059,ATA-A0281,281,Arlo
ATA-S059,ATA-A0282,282,Maquer
ATA-S059,ATA-A0283,283,Usubemaço
ATA-S060,ATA-A0284,284,Ilicnamo
ATA-S060,ATA-A0285,285,Ilidua Douro
ATA-S060,ATA-A0286,286,Pala
ATA-S060,ATA-A0287,287,Uaro-Ana
ATA-S061,ATA-A0288,288,Anartuto
ATA-S061,ATA-A0289,289,Berau
ATA-S061,ATA-A0290,290,Bite
ATA-S061,ATA-A0291,291,Ili-Timur
ATA-S062,ATA-A0292,292,Fatulela
ATA-S062,ATA-A0293,293,Macelihu
ATA-S062,ATA-A0294,294,Mau-Laku
ATA-S062,ATA-A0295,295,Mau-Meta
ATA-S063,ATA-A0296,296,Eclae
ATA-S063,ATA-A0297,297,Ilimanu
ATA-S063,ATA-A0298,298,Ilitecaraquia
BAU-S064,BAU-A0299,299,Buibela
BAU-S064,BAU-A0300,300,Lena
BAU-S064,BAU-A0301,301,Oqui-Lari
BAU-S064,BAU-A0302,302,Uai-Mata
BAU-S065,BAU-A0303,303,Afaguia
BAU-S065,BAU-A0304,304,Alaua
BAU-S065,BAU-A0305,305,Ne-Olidae
BAU-S065,BAU-A0306,306,Sorucama
BAU-S065,BAU-A0307,307,Ua-Sufa
BAU-S066,BAU-A0308,308,Ae-Afa
BAU-S066,BAU-A0309,309,Alaua
BAU-S066,BAU-A0310,310,Bibilalari
BAU-S066,BAU-A0311,311,Maurubi-Asa
BAU-S066,BAU-A0312,312,Selibere
BAU-S067,BAU-A0313,313,Defauasi
BAU-S067,BAU-A0314,314,Lari-Bere
BAU-S067,BAU-A0315,315,Sae-Meta
BAU-S067,BAU-A0316,316,Uarou
BAU-S068,BAU-A0317,317,Afalari
BAU-S068,BAU-A0318,318,Bahatata
BAU-S068,BAU-A0319,319,Basarauai
BAU-S068,BAU-A0320,320,Larigua
BAU-S068,BAU-A0321,321,Lari Sula
BAU-S068,BAU-A0322,322,Uaiboro
BAU-S069,BAU-A0323,323,Baiana
BAU-S069,BAU-A0324,324,Bibidae
BAU-S069,BAU-A0325,325,Bubu-Ha
BAU-S069,BAU-A0326,326,Lauhare
BAU-S069,BAU-A0327,327,Tirifalo
BAU-S069,BAU-A0328,328,Uata Tefu
BAU-S069,BAU-A0329,329,Uro
BAU-S070,BAU-A0330,330,Fanalolo
BAU-S070,BAU-A0331,331,Ledana
BAU-S070,BAU-A0332,332,Onortibalari
BAU-S070,BAU-A0333,333,Osso Issi Lari
BAU-S070,BAU-A0334,334,Uabubo
BAU-S071,BAU-A0335,335,Betulari
BAU-S071,BAU-A0336,336,Uaibuita'I
BAU-S071,BAU-A0337,337,Uaicadae
BAU-S072,BAU-A0338,338,Daraloi-Craic
BAU-S072,BAU-A0339,339,Daraloi Leten
BAU-S072,BAU-A0340,340,Iraosso
BAU-S072,BAU-A0341,341,Taubere
BAU-S073,BAU-A0342,342,Baboro
BAU-S073,BAU-A0343,343,Baiafa
BAU-S073,BAU-A0344,344,Betu-Muto
BAU-S073,BAU-A0345,345,Uacala
BAU-S074,BAU-A0346,346,Ana-Ulo
BAU-S074,BAU-A0347,347,Boi-Lé
BAU-S074,BAU-A0348,348,Lamegua
BAU-S074,BAU-A0349,349,Macadai
BAU-S074,BAU-A0350,350,Ró-Ulo
BAU-S075,BAU-A0351,351,Aubaca
BAU-S075,BAU-A0352,352,Lequi Loi Uato
BAU-S075,BAU-A0353,353,Luliheni
BAU-S075,BAU-A0354,354,Macadai de Baixo
BAU-S075,BAU-A0355,355,Macadai de Cima
BAU-S075,BAU-A0356,356,Uaisemo
BAU-S076,BAU-A0357,357,Buibau
BAU-S076,BAU-A0358,358,Loidua
BAU-S077,BAU-A0359,359,Alala
BAU-S077,BAU-A0360,360,Builai
BAU-S077,BAU-A0361,361,Manulai
BAU-S077,BAU-A0362,362,Samalaculiba
BAU-S078,BAU-A0363,363,Casmuto
BAU-S078,BAU-A0364,364,Ono-Sere
BAU-S078,BAU-A0365,365,Soli-Ua
BAU-S078,BAU-A0366,366,Taci
BAU-S079,BAU-A0367,367,Ana-Uaro
BAU-S079,BAU-A0368,368,Haurobo
BAU-S079,BAU-A0369,369,Uani-Uma
BAU-S080,BAU-A0370,370,Boru-Baha
BAU-S080,BAU-A0371,371,Caiobilale
BAU-S080,BAU-A0372,372,Data-Ua
BAU-S080,BAU-A0373,373,Maulame
BAU-S081,BAU-A0374,374,Bahamori
BAU-S081,BAU-A0375,375,Cairiri
BAU-S081,BAU-A0376,376,Darasula
BAU-S081,BAU-A0377,377,Gariuai
BAU-S081,BAU-A0378,378,Maucale
BAU-S081,BAU-A0379,379,Uaibeheana
BAU-S081,BAU-A0380,380,Uaturau
BAU-S081,BAU-A0381,381,Uatu-Ua
BAU-S082,BAU-A0382,382,Ague
BAU-S082,BAU-A0383,383,Hene-Uabubo
BAU-S082,BAU-A0384,384,Lacoda
BAU-S082,BAU-A0385,385,Loiborouai
BAU-S082,BAU-A0386,386,Umaquerec
BAU-S083,BAU-A0387,387,Festau
BAU-S083,BAU-A0388,388,Ossoluga
BAU-S083,BAU-A0389,389,Samalari
BAU-S083,BAU-A0390,390,Sorulai
BAU-S084,BAU-A0391,391,Betulale
BAU-S084,BAU-A0392,392,Caicido
BAU-S084,BAU-A0393,393,Lialaileso
BAU-S084,BAU-A0394,394,Lutumuto
BAU-S084,BAU-A0395,395,Osso-Ua
BAU-S084,BAU-A0396,396,Parlamento
BAU-S085,BAU-A0397,397,Aubaca
BAU-S085,BAU-A0398,398,Bado-Ho'O
BAU-S085,BAU-A0399,399,Lequiloi Uato
BAU-S085,BAU-A0400,400,Macadai
BAU-S086,BAU-A0401,401,Afacaimau
BAU-S086,BAU-A0402,402,Afagua
BAU-S086,BAU-A0403,403,Alala
BAU-S086,BAU-A0404,404,Ledatame
BAU-S086,BAU-A0405,405,Manulai
BAU-S086,BAU-A0406,406,Samalaculiba
BAU-S086,BAU-A0407,407,Uaimanuboe
BAU-S086,BAU-A0408,408,Uatubala
BAU-S086,BAU-A0409,409,Uaturau de Baixo
BAU-S086,BAU-A0410,410,Uaturau de Cima
BAU-S087,BAU-A0411,411,Atelari
BAU-S087,BAU-A0412,412,Auraba
BAU-S087,BAU-A0413,413,Lauadae
BAU-S087,BAU-A0414,414,Liarafa
BAU-S087,BAU-A0415,415,Loilari
BAU-S087,BAU-A0416,416,Nelu Uai
BAU-S087,BAU-A0417,417,Samagata
BAU-S087,BAU-A0418,418,Siguilaba
BAU-S087,BAU-A0419,419,Sirimana
BAU-S087,BAU-A0420,420,Uatalofo
BAU-S088,BAU-A0421,421,Buibata
BAU-S088,BAU-A0422,422,Larimuta
BAU-S088,BAU-A0423,423,Larino
BAU-S088,BAU-A0424,424,Libagua
BAU-S088,BAU-A0425,425,Tirilolo
BAU-S089,BAU-A0426,426,Borulau
BAU-S089,BAU-A0427,427,Buscaulari
BAU-S089,BAU-A0428,428,Lalulai
BAU-S089,BAU-A0429,429,Loilaco
BAU-S089,BAU-A0430,430,Uasilaua
BAU-S090,BAU-A0431,431,Bubuloma
BAU-S090,BAU-A0432,432,Lari-Ledana
BAU-S090,BAU-A0433,433,Larisula
BAU-S090,BAU-A0434,434,Laritau
BAU-S090,BAU-A0435,435,Lauhare
BAU-S090,BAU-A0436,436,Riadae
BAU-S090,BAU-A0437,437,Saelari
BAU-S090,BAU-A0438,438,Samalolo
BAU-S090,BAU-A0439,439,Terubala
BAU-S091,BAU-A0440,440,Abuti
BAU-S091,BAU-A0441,441,Alasafa
BAU-S091,BAU-A0442,442,Auraba
BAU-S091,BAU-A0443,443,Beliuali
BAU-S091,BAU-A0444,444,Ia Sula
BAU-S091,BAU-A0445,445,Naha-Afa
BAU-S091,BAU-A0446,446,One-Bu'O
BAU-S091,BAU-A0447,447,Samagata
BAU-S091,BAU-A0448,448,Selegua
BAU-S091,BAU-A0449,449,Sire-Bu'U
BAU-S091,BAU-A0450,450,Ulabuti
BAU-S092,BAU-A0451,451,Desagua
BAU-S092,BAU-A0452,452,Lalu Lai
BAU-S092,BAU-A0453,453,Lualari
BAU-S092,BAU-A0454,454,Sae Uata Issi
BAU-S092,BAU-A0455,455,Samalari
BAU-S092,BAU-A0456,456,Sorugua
BAU-S093,BAU-A0457,457,Ueru-Mata
BAU-S094,BAU-A0458,458,Assa-Nuno
BAU-S094,BAU-A0459,459,Bole Ha
BAU-S094,BAU-A0460,460,Butufalo
BAU-S094,BAU-A0461,461,Fatiliri
BAU-S094,BAU-A0462,462,Heu-Uai
BAU-S094,BAU-A0463,463,Laicua
BAU-S095,BAU-A0464,464,Bulubai
BAU-S095,BAU-A0465,465,Caicasalari
BAU-S095,BAU-A0466,466,Iti-Daho
BAU-S095,BAU-A0467,467,Samaguia
BAU-S096,BAU-A0468,468,Assa-Loqui
BAU-S096,BAU-A0469,469,Caranu
BAU-S096,BAU-A0470,470,Mumana
BAU-S096,BAU-A0471,471,Telaha
BAU-S097,BAU-A0472,472,Butileo
BAU-S097,BAU-A0473,473,Laua-Liu
BAU-S097,BAU-A0474,474,Saraida
BAU-S098,BAU-A0475,475,Lialura
BAU-S098,BAU-A0476,476,Osso-Messa
BAU-S099,BAU-A0477,477,Lacodala
BAU-S099,BAU-A0478,478,Mucububo
BAU-S099,BAU-A0479,479,Uaule
BAU-S100,BAU-A0480,480,Lau-Mana
BAU-S100,BAU-A0481,481,Lebenei
BAU-S100,BAU-A0482,482,Manome
BAU-S100,BAU-A0483,483,Ruta
BAU-S100,BAU-A0484,484,Uaidora
BAU-S101,BAU-A0485,485,Bocilai
BAU-S101,BAU-A0486,486,Defadae
BAU-S101,BAU-A0487,487,Macalira
BAU-S102,BAU-A0488,488,Caranu
BAU-S102,BAU-A0489,489,Gamana
BAU-S102,BAU-A0490,490,Gugolai
BAU-S102,BAU-A0491,491,Sialimo
BAU-S103,BAU-A0492,492,Boralai
BAU-S103,BAU-A0493,493,Uligata
BAU-S103,BAU-A0494,494,Vecubuti
BAU-S104,BAU-A0495,495,Eu-Afa
BAU-S104,BAU-A0496,496,Fae-Ua
BAU-S104,BAU-A0497,497,Laculela
BAU-S104,BAU-A0498,498,Saebere
BAU-S104,BAU-A0499,499,Uadaboru
BAU-S105,BAU-A0500,500,Cirilaco
BAU-S105,BAU-A0501,501,Daicou
BAU-S105,BAU-A0502,502,Loirae
BAU-S105,BAU-A0503,503,Ua-Sufa
BAU-S106,BAU-A0504,504,Abo Cairedo
BAU-S106,BAU-A0505,505,Abo-Da'E-Mena
BAU-S106,BAU-A0506,506,Abo-Lir
BAU-S106,BAU-A0507,507,Abo-Matebian
BAU-S107,BAU-A0508,508,Dara-Uma
BAU-S107,BAU-A0509,509,Lego
BAU-S107,BAU-A0510,510,Saua-Cassa
BAU-S107,BAU-A0511,511,Ulu-Soro
BAU-S108,BAU-A0512,512,Baticassa
BAU-S108,BAU-A0513,513,Uaidaba
BAU-S108,BAU-A0514,514,Uata-Liu
BAU-S109,BAU-A0515,515,Dauaduca
BAU-S109,BAU-A0516,516,Dessa
BAU-S109,BAU-A0517,517,Maluro
BAU-S109,BAU-A0518,518,Ossoliro
BAU-S110,BAU-A0519,519,Loilubo-Uagua
BAU-S110,BAU-A0520,520,Namanei
BAU-S110,BAU-A0521,521,Samafalo
BAU-S110,BAU-A0522,522,Ua-Robo
BAU-S111,BAU-A0523,523,Bahamori
BAU-S111,BAU-A0524,524,Caicua
BAU-S112,BAU-A0525,525,Caitaranau
BAU-S112,BAU-A0526,526,Nunoti
BAU-S112,BAU-A0527,527,Uaidau
BAU-S113,BAU-A0528,528,Caidenulale
BAU-S113,BAU-A0529,529,Hoineuai
BAU-S113,BAU-A0530,530,Lolinuno
BAU-S113,BAU-A0531,531,Uaicnassa
BAU-S113,BAU-A0532,532,Uma Ana Ico
BAU-S114,BAU-A0533,533,Bahamori
BAU-S114,BAU-A0534,534,Haunau
BAU-S114,BAU-A0535,535,Ostico
BAU-S115,BAU-A0536,536,Lari
BAU-S115,BAU-A0537,537,Mota
BAU-S116,BAU-A0538,538,Bahalale
BAU-S116,BAU-A0539,539,Naulale
BAU-S116,BAU-A0540,540,Uaiharabo'O
BAU-S117,BAU-A0541,541,Betulale
BAU-S117,BAU-A0542,542,Lor
BAU-S117,BAU-A0543,543,Oralan
BAU-S117,BAU-A0544,544,Raha
BAU-S118,BAU-A0545,545,Uaibobo
BAU-S118,BAU-A0546,546,Uaicana
BAU-S118,BAU-A0547,547,Uataula
BAU-S118,BAU-A0548,548,Utabela Oli
BAU-S118,BAU-A0549,549,Uma Ana Ico
BAU-S119,BAU-A0550,550,Caimale-Ho'O
BAU-S119,BAU-A0551,551,Cumo-Oli
BAU-S119,BAU-A0552,552,Laco-Uma
BAU-S119,BAU-A0553,553,Lia-Oli
BAU-S119,BAU-A0554,554,Neo-Ho'O
BAU-S119,BAU-A0555,555,Uai-Toqui
BAU-S120,BAU-A0556,556,Bahadato
BAU-S120,BAU-A0557,557,Osso-Uaque
BAU-S120,BAU-A0558,558,Uai-To-Bono
BAU-S120,BAU-A0559,559,Uatulia Ana
BAU-S121,BAU-A0560,560,Caihurulale de Baixo
BAU-S121,BAU-A0561,561,Caihurulale de Cima
BAU-S121,BAU-A0562,562,Cauba'I
BAU-S121,BAU-A0563,563,Luha Oli
BAU-S122,BAU-A0564,564,Uatu Missa
BAU-S122,BAU-A0565,565,Ualae
BAU-S122,BAU-A0566,566,Luli Bau
BAU-S122,BAU-A0567,567,Aca Uatu
BAU-S123,BAU-A0568,568,Lia Bala
BAU-S123,BAU-A0569,569,Ossogori
BAU-S123,BAU-A0570,570,Uai-Tali-Bu'U
BAU-S123,BAU-A0571,571,Uatu Uasa
BAU-S124,BAU-A0572,572,Betunau
BAU-S124,BAU-A0573,573,Quele-Boro-Uai
BAU-S124,BAU-A0574,574,Uai Te
BAU-S124,BAU-A0575,575,Uatu Nau
BAU-S125,BAU-A0576,576,Cai-Hula
BAU-S125,BAU-A0577,577,Nuno Doco
BAU-S125,BAU-A0578,578,Osso-Gui-Gui
BAU-S125,BAU-A0579,579,Venilale
BOB-S126,BOB-A0580,580,Fatubeis
BOB-S126,BOB-A0581,581,Helesu
BOB-S126,BOB-A0582,582,Lolocolo
BOB-S126,BOB-A0583,583,Madebau
BOB-S126,BOB-A0584,584,Saburapo
BOB-S127,BOB-A0585,585,Aidabasalala
BOB-S127,BOB-A0586,586,Aidabaleten
BOB-S127,BOB-A0587,587,Biamaraen
BOB-S127,BOB-A0588,588,Boloi
BOB-S128,BOB-A0589,589,Faturase
BOB-S128,BOB-A0590,590,Limanaro
BOB-S128,BOB-A0591,591,Rairobo
BOB-S128,BOB-A0592,592,Vila Maria
BOB-S129,BOB-A0593,593,Aidabaleten
BOB-S129,BOB-A0594,594,Biacou
BOB-S129,BOB-A0595,595,Harame
BOB-S129,BOB-A0596,596,Meguir
BOB-S129,BOB-A0597,597,Sulilaran
BOB-S129,BOB-A0598,598,Tasimean
BOB-S129,BOB-A0599,599,Tutubaba
BOB-S130,BOB-A0600,600,Atublogo
BOB-S130,BOB-A0601,601,Beamoas
BOB-S130,BOB-A0602,602,Loodasi
BOB-S130,BOB-A0603,603,Manunia
BOB-S130,BOB-A0604,604,Tegoabe
BOB-S131,BOB-A0605,605,Ai-Aras
BOB-S131,BOB-A0606,606,Soileco
BOB-S132,BOB-A0607,607,Oe-Po
BOB-S132,BOB-A0608,608,Tapo Tas
BOB-S133,BOB-A0609,609,Atumnaro
BOB-S133,BOB-A0610,610,Carabau
BOB-S133,BOB-A0611,611,Nunubuti
BOB-S133,BOB-A0612,612,Tasibalu
BOB-S133,BOB-A0613,613,Udu-Ai
BOB-S134,BOB-A0614,614,Aimeta
BOB-S134,BOB-A0615,615,Oboe
BOB-S135,BOB-A0616,616,Ilat-Laun
BOB-S135,BOB-A0617,617,Purugoa
BOB-S135,BOB-A0618,618,Tunero
BOB-S136,BOB-A0619,619,Aisalgusun
BOB-S136,BOB-A0620,620,Ai-Assa
BOB-S136,BOB-A0621,621,Laho
BOB-S136,BOB-A0622,622,Mazop
BOB-S136,BOB-A0623,623,Oalgomo
BOB-S136,BOB-A0624,624,Odelgomo
BOB-S137,BOB-A0625,625,Lactil
BOB-S137,BOB-A0626,626,Lesigatal
BOB-S137,BOB-A0627,627,Tuluata
BOB-S138,BOB-A0628,628,Atuaben
BOB-S138,BOB-A0629,629,Talite
BOB-S139,BOB-A0630,630,Butuc
BOB-S139,BOB-A0631,631,Holbese
BOB-S139,BOB-A0632,632,Holsa Taz
BOB-S139,BOB-A0633,633,Leber-Taz
BOB-S139,BOB-A0634,634,Mabelis
BOB-S140,BOB-A0635,635,Galitaz
BOB-S140,BOB-A0636,636,Heliquei
BOB-S140,BOB-A0637,637,Olo-Olo
BOB-S140,BOB-A0638,638,Tazgolo
BOB-S141,BOB-A0639,639,Gumer
BOB-S141,BOB-A0640,640,Zo-Belis
BOB-S141,BOB-A0641,641,Lourba Leten
BOB-S141,BOB-A0642,642,Sordoli
BOB-S142,BOB-A0643,643,Atu Lara
BOB-S142,BOB-A0644,644,Hatu-Udu
BOB-S142,BOB-A0645,645,Licaubu
BOB-S142,BOB-A0646,646,Maliubu
BOB-S142,BOB-A0647,647,Nunupa
BOB-S143,BOB-A0648,648,Malilait
BOB-S143,BOB-A0649,649,Malilu
BOB-S143,BOB-A0650,650,Taimea
BOB-S144,BOB-A0651,651,Anapal
BOB-S144,BOB-A0652,652,Lonlolo
BOB-S144,BOB-A0653,653,Molop Taz
BOB-S144,BOB-A0654,654,Omelai
BOB-S145,BOB-A0655,655,Holmesel
BOB-S145,BOB-A0656,656,Mapeop
BOB-S145,BOB-A0657,657,Sibuni
BOB-S146,BOB-A0658,658,Atupae
BOB-S146,BOB-A0659,659,Bugas
BOB-S146,BOB-A0660,660,Tebabui
BOB-S147,BOB-A0661,661,Oeleo Taz
BOB-S147,BOB-A0662,662,Mologuen
BOB-S148,BOB-A0663,663,Aculaca
BOB-S148,BOB-A0664,664,Galusapulu
BOB-S148,BOB-A0665,665,Guenuha'An
BOB-S148,BOB-A0666,666,Lahomea
BOB-S148,BOB-A0667,667,Maliana
BOB-S149,BOB-A0668,668,Nunutana
BOB-S149,BOB-A0669,669,Raifun Foho
BOB-S149,BOB-A0670,670,Raifun Vila
BOB-S150,BOB-A0671,671,Cor Luli
BOB-S150,BOB-A0672,672,Dai Tete
BOB-S150,BOB-A0673,673,Diruaben
BOB-S150,BOB-A0674,674,Halecou
BOB-S150,BOB-A0675,675,Ma'A Hui
BOB-S150,BOB-A0676,676,Maganutu
BOB-S150,BOB-A0677,677,Moleana
BOB-S150,BOB-A0678,678,Ritabou
BOB-S150,BOB-A0679,679,Ritiudu
BOB-S150,BOB-A0680,680,Samelaun
BOB-S150,BOB-A0681,681,Timatan
BOB-S150,BOB-A0682,682,Uat
BOB-S151,BOB-A0683,683,Anahun
BOB-S151,BOB-A0684,684,Guenuha'An
BOB-S151,BOB-A0685,685,Rai Maten
BOB-S151,BOB-A0686,686,Rocon
BOB-S152,BOB-A0687,687,Bilicou
BOB-S152,BOB-A0688,688,Loloóa
BOB-S152,BOB-A0689,689,Oplegul
BOB-S152,BOB-A0690,690,Secar
BOB-S152,BOB-A0691,691,Solugolo
BOB-S152,BOB-A0692,692,Tas
BOB-S153,BOB-A0693,693,Lepguen
BOB-S153,BOB-A0694,694,Manu Aman
BOB-S153,BOB-A0695,695,Pipgalag
BOB-S153,BOB-A0696,696,Pipgalag
BOB-S153,BOB-A0697,697,Tunu Bibi
BOB-S153,BOB-A0698,698,Uluatin
BOB-S154,BOB-A0699,699,Cossal
BOB-S154,BOB-A0700,700,Mabiloa
BOB-S154,BOB-A0701,701,Tazmasac
BOB-S155,BOB-A0702,702,Daru Asa
BOB-S155,BOB-A0703,703,Lete Aituto
BOB-S155,BOB-A0704,704,Ohoana
BOB-S156,BOB-A0705,705,Berleu
BOB-S156,BOB-A0706,706,Daulelo
BOB-S156,BOB-A0707,707,Liabote
BOB-S156,BOB-A0708,708,Mude
BOB-S157,BOB-A0709,709,Sah-Heu
BOB-S157,BOB-A0710,710,Caulocolete
BOB-S158,BOB-A0711,711,Ilat-Bote
BOB-S158,BOB-A0712,712,Malilia
BOB-S158,BOB-A0713,713,Suriubu
BOB-S159,BOB-A0714,714,Atubuti
BOB-S159,BOB-A0715,715,Biateho
BOB-S159,BOB-A0716,716,Nuapu
BOB-S159,BOB-A0717,717,Tuturema
BOB-S160,BOB-A0718,718,Biaboro
BOB-S160,BOB-A0719,719,Melemaga
BOB-S160,BOB-A0720,720,Tirimoso
BOB-S161,BOB-A0721,721,Heda
BOB-S161,BOB-A0722,722,Lesupu
BOB-S162,BOB-A0723,723,Lugululi
BOB-S162,BOB-A0724,724,Tapomeac
BOB-S162,BOB-A0725,725,Tatelori
BOB-S163,BOB-A0726,726,Atos
BOB-S163,BOB-A0727,727,Gildapil
BOB-S164,BOB-A0728,728,Mapelai
BOB-S164,BOB-A0729,729,Mabelis
BOB-S165,BOB-A0730,730,Ozo
BOB-S165,BOB-A0731,731,Piron
BOB-S165,BOB-A0732,732,Tasmil
BOB-S166,BOB-A0733,733,Bou-Tal
BOB-S166,BOB-A0734,734,Gole
BOB-S166,BOB-A0735,735,Oe-Laca
BOB-S167,BOB-A0736,736,Anon
BOB-S167,BOB-A0737,737,Guda Taz
BOB-S167,BOB-A0738,738,Oceli
BOB-S167,BOB-A0739,739,Zoilpo
BOB-S168,BOB-A0740,740,Mape
BOB-S168,BOB-A0741,741,Raimea
BOB-S168,BOB-A0742,742,Tepa
BOB-S169,BOB-A0743,743,Dilai
BOB-S169,BOB-A0744,744,Lupal Taz
BOB-S169,BOB-A0745,745,Silagolo
BOB-S170,BOB-A0746,746,Caco
BOB-S170,BOB-A0747,747,Palaca
BOB-S170,BOB-A0748,748,Subaleco
BOB-S171,BOB-A0749,749,Bour
BOB-S171,BOB-A0750,750,Duaderoc
BOB-S171,BOB-A0751,751,Faturui
BOB-S171,BOB-A0752,752,Raifatuc
BOB-S172,BOB-A0753,753,Batugade
BOB-S172,BOB-A0754,754,Lotan
BOB-S172,BOB-A0755,755,Nu Badac
BOB-S173,BOB-A0756,756,Bauai
BOB-S173,BOB-A0757,757,Futatas
BOB-S173,BOB-A0758,758,Lalis
BOB-S173,BOB-A0759,759,Manehat
BOB-S173,BOB-A0760,760,Railuli
BOB-S174,BOB-A0761,761,Amandato
BOB-S174,BOB-A0762,762,Atara
BOB-S174,BOB-A0763,763,Balibo Vila
BOB-S174,BOB-A0764,764,Belola
BOB-S174,BOB-A0765,765,Builekun
BOB-S174,BOB-A0766,766,Fatuk Laran
BOB-S174,BOB-A0767,767,Fatululic
BOB-S175,BOB-A0768,768,Aiasa
BOB-S175,BOB-A0769,769,Faloai
BOB-S175,BOB-A0770,770,Feric Catuas
BOB-S175,BOB-A0771,771,Mohac
BOB-S175,BOB-A0772,772,Raiulun
COV-S176,COV-A0773,773,Bonuc
COV-S176,COV-A0774,774,Holba
COV-S176,COV-A0775,775,Meop
COV-S176,COV-A0776,776,Mucbelis
COV-S176,COV-A0777,777,Roec
COV-S177,COV-A0778,778,Ailoc Laran
COV-S177,COV-A0779,779,Fatuisin
COV-S177,COV-A0780,780,Manequin
COV-S177,COV-A0781,781,Sanfuc
COV-S178,COV-A0782,782,Aidantuic
COV-S178,COV-A0783,783,Bibiatan
COV-S178,COV-A0784,784,Haemano
COV-S178,COV-A0785,785,Halik
COV-S178,COV-A0786,786,Holbolu
COV-S178,COV-A0787,787,Leowalu
COV-S178,COV-A0788,788,Maucola
COV-S178,COV-A0789,789,Teda
COV-S178,COV-A0790,790,Tobur
COV-S178,COV-A0791,791,Tudilpo
COV-S178,COV-A0792,792,Zowak
COV-S179,COV-A0793,793,Ahinarai
COV-S179,COV-A0794,794,Asumaten
COV-S179,COV-A0795,795,Asurai
COV-S179,COV-A0796,796,Busacucun
COV-S179,COV-A0797,797,Laconac Babu
COV-S179,COV-A0798,798,Laconac Besic
COV-S179,COV-A0799,799,Lontale
COV-S179,COV-A0800,800,Lo'Oqueu
COV-S179,COV-A0801,801,Tabacolot
COV-S180,COV-A0802,802,Acar Laran
COV-S180,COV-A0803,803,Suco Loro
COV-S180,COV-A0804,804,Lo'O
COV-S180,COV-A0805,805,Mane Icun
COV-S180,COV-A0806,806,Sucabe Laran
COV-S181,COV-A0807,807,Baer
COV-S181,COV-A0808,808,Fatuc Metan
COV-S181,COV-A0809,809,Foholulic
COV-S181,COV-A0810,810,Maubesi
COV-S181,COV-A0811,811,Niquiir
COV-S181,COV-A0812,812,Wala
COV-S181,COV-A0813,813,Wetaba
COV-S182,COV-A0814,814,Ai -Taman
COV-S182,COV-A0815,815,Besac Oan
COV-S182,COV-A0816,816,Caicoli
COV-S182,COV-A0817,817,Coitau
COV-S182,COV-A0818,818,Fau-Laran
COV-S182,COV-A0819,819,Onu-Laran
COV-S182,COV-A0820,820,Sadahur
COV-S183,COV-A0821,821,Ai Oan
COV-S183,COV-A0822,822,Bitis
COV-S183,COV-A0823,823,Halimea
COV-S183,COV-A0824,824,Kota Foun
COV-S183,COV-A0825,825,Salele Bot
COV-S183,COV-A0826,826,Tulaeduc
COV-S184,COV-A0827,827,Cauauman
COV-S184,COV-A0828,828,Coloama
COV-S184,COV-A0829,829,Tabolo
COV-S185,COV-A0830,830,Fatumea
COV-S185,COV-A0831,831,Lebo
COV-S185,COV-A0832,832,Moata Ulun
COV-S185,COV-A0833,833,Rai Oan
COV-S186,COV-A0834,834,Halic Nai
COV-S186,COV-A0835,835,Macocon
COV-S186,COV-A0836,836,Nanu
COV-S186,COV-A0837,837,Tradu Cama
COV-S187,COV-A0838,838,Baleo
COV-S187,COV-A0839,839,Belulic Craic
COV-S187,COV-A0840,840,Clau Halec
COV-S187,COV-A0841,841,Mane Quic
COV-S188,COV-A0842,842,Loro Quida
COV-S188,COV-A0843,843,Fatuc Bitic Laran
COV-S188,COV-A0844,844,Fatuc Laran
COV-S188,COV-A0845,845,Lo'O Hali
COV-S188,COV-A0846,846,Sadahur
COV-S189,COV-A0847,847,Aitos
COV-S189,COV-A0848,848,Fatulidun
COV-S189,COV-A0849,849,Hali Laran
COV-S190,COV-A0850,850,Au Lulic
COV-S190,COV-A0851,851,Cacaut
COV-S190,COV-A0852,852,Calobor
COV-S190,COV-A0853,853,Fatuc Laran
COV-S191,COV-A0854,854,Fatuc Cabuar Craic
COV-S191,COV-A0855,855,Fatuc Cabuar Leten
COV-S191,COV-A0856,856,Natardic
COV-S192,COV-A0857,857,Maior/cunain
COV-S192,COV-A0858,858,Lohorai
COV-S192,COV-A0859,859,Matai
COV-S192,COV-A0860,860,Quiar
COV-S193,COV-A0861,861,Busado
COV-S193,COV-A0862,862,Dais
COV-S193,COV-A0863,863,Du'Ut
COV-S193,COV-A0864,864,Gazolo
COV-S193,COV-A0865,865,Ila
COV-S193,COV-A0866,866,Loloba
COV-S193,COV-A0867,867,Lolowa
COV-S194,COV-A0868,868,Baulela
COV-S194,COV-A0869,869,Foho Rua
COV-S194,COV-A0870,870,Ogues
COV-S194,COV-A0871,871,Orun
COV-S194,COV-A0872,872,Soga
COV-S195,COV-A0873,873,Fatuc Oan
COV-S195,COV-A0874,874,Hatu
COV-S195,COV-A0875,875,Lela
COV-S195,COV-A0876,876,Leogore
COV-S195,COV-A0877,877,Manulor
COV-S195,COV-A0878,878,Nainare
COV-S196,COV-A0879,879,Leogol
COV-S196,COV-A0880,880,Lale
COV-S196,COV-A0881,881,Obuc Mil
COV-S196,COV-A0882,882,Zulo Tas
COV-S197,COV-A0883,883,Daro
COV-S197,COV-A0884,884,Mape Canua
COV-S197,COV-A0885,885,Polo
COV-S198,COV-A0886,886,Biata
COV-S198,COV-A0887,887,Colu
COV-S198,COV-A0888,888,Fatuleto Canua
COV-S198,COV-A0889,889,Nalaop
COV-S198,COV-A0890,890,Zobete
COV-S199,COV-A0891,891,Leudula
COV-S199,COV-A0892,892,Reiaçu
COV-S200,COV-A0893,893,Lae Gatal
COV-S200,COV-A0894,894,Pelet
COV-S200,COV-A0895,895,Ritiluli
COV-S200,COV-A0896,896,Salasa
COV-S200,COV-A0897,897,Somo Canua
COV-S200,COV-A0898,898,Tilis
COV-S200,COV-A0899,899,Uluc Lolo
COV-S201,COV-A0900,900,Beilaco
COV-S201,COV-A0901,901,Loro
COV-S201,COV-A0902,902,Uma Claran
COV-S201,COV-A0903,903,Webaba
COV-S202,COV-A0904,904,Aisal Leuc
COV-S202,COV-A0905,905,Baulolo
COV-S202,COV-A0906,906,Biatuma
COV-S202,COV-A0907,907,Horba
COV-S202,COV-A0908,908,Lepo Canua
COV-S203,COV-A0909,909,Basana
COV-S203,COV-A0910,910,Baura Icun
COV-S203,COV-A0911,911,Culu Oan
COV-S203,COV-A0912,912,Galitaz
COV-S204,COV-A0913,913,Aitoun
COV-S204,COV-A0914,914,Beco
COV-S204,COV-A0915,915,Beidasi
COV-S205,COV-A0916,916,Fatuloro
COV-S205,COV-A0917,917,Holba
COV-S205,COV-A0918,918,Lia Nain
COV-S205,COV-A0919,919,Macous
COV-S205,COV-A0920,920,Taroman
DIL-S206,DIL-A0921,921,Bauloc
DIL-S206,DIL-A0922,922,Casnafar
DIL-S206,DIL-A0923,923,Colau I
DIL-S206,DIL-A0924,924,Colau II
DIL-S206,DIL-A0925,925,Fatunaba
DIL-S206,DIL-A0926,926,Fila Bebatua
DIL-S206,DIL-A0927,927,Leilaus
DIL-S206,DIL-A0928,928,Lemorana
DIL-S206,DIL-A0929,929,Nahaec
DIL-S206,DIL-A0930,930,Sucalau
DIL-S207,DIL-A0931,931,Ainitas Hun
DIL-S207,DIL-A0932,932,Bedois
DIL-S207,DIL-A0933,933,Bela-Vista
DIL-S207,DIL-A0934,934,Carelaran
DIL-S207,DIL-A0935,935,Coreio
DIL-S207,DIL-A0936,936,Gomes Araujo
DIL-S207,DIL-A0937,937,Hospital Militar
DIL-S207,DIL-A0938,938,Mota-Ulun
DIL-S207,DIL-A0939,939,Paiol
DIL-S207,DIL-A0940,940,Rai Kuak
DIL-S207,DIL-A0941,941,Teka-Hudilaran
DIL-S208,DIL-A0942,942,De Setembro
DIL-S208,DIL-A0943,943,Gideon
DIL-S208,DIL-A0944,944,Nopen
DIL-S208,DIL-A0945,945,Lemorai
DIL-S208,DIL-A0946,946,Matua
DIL-S208,DIL-A0947,947,Mate-Restu
DIL-S208,DIL-A0948,948,Virgolosa
DIL-S208,DIL-A0949,949,Mate-Moris
DIL-S208,DIL-A0950,950,Terus-Nain
DIL-S209,DIL-A0951,951,Alto Balide
DIL-S209,DIL-A0952,952,Alto Pm
DIL-S209,DIL-A0953,953,Baixo Balide
DIL-S209,DIL-A0954,954,Baixo Pm
DIL-S209,DIL-A0955,955,Manucocorek
DIL-S209,DIL-A0956,956,Zero Tres
DIL-S210,DIL-A0957,957,Bee-Dalan
DIL-S210,DIL-A0958,958,Boa-Morena
DIL-S210,DIL-A0959,959,Halibur
DIL-S210,DIL-A0960,960,Hura
DIL-S210,DIL-A0961,961,Lirio
DIL-S211,DIL-A0962,962,Manu-Fuik
DIL-S211,DIL-A0963,963,Rai-Nain
DIL-S212,DIL-A0964,964,Divino
DIL-S212,DIL-A0965,965,Centru de Unidade
DIL-S212,DIL-A0966,966,Fohorai-Boot
DIL-S212,DIL-A0967,967,Sacoco
DIL-S212,DIL-A0968,968,Tahularan
DIL-S213,DIL-A0969,969,Besahe
DIL-S213,DIL-A0970,970,Birahu Matan
DIL-S213,DIL-A0971,971,Has Laran
DIL-S213,DIL-A0972,972,Lebutu
DIL-S213,DIL-A0973,973,Mantelolâo
DIL-S213,DIL-A0974,974,Manu Laran
DIL-S214,DIL-A0975,975,Acadiru Laran
DIL-S214,DIL-A0976,976,Behauc
DIL-S214,DIL-A0977,977,Behoquir
DIL-S214,DIL-A0978,978,Sabuli
DIL-S215,DIL-A0979,979,Manuleu
DIL-S215,DIL-A0980,980,Rai Mean
DIL-S215,DIL-A0981,981,Sahan
DIL-S215,DIL-A0982,982,Wenunuc
DIL-S216,DIL-A0983,983,Bedik
DIL-S216,DIL-A0984,984,Kulu-Hun Baixo
DIL-S216,DIL-A0985,985,Nu'U Badak
DIL-S217,DIL-A0986,986,Ailele Hun
DIL-S217,DIL-A0987,987,Baba Liurai Leste
DIL-S217,DIL-A0988,988,Baba Liurai Oeste
DIL-S217,DIL-A0989,989,Bemori Central
DIL-S217,DIL-A0990,990,Bemori Centro
DIL-S217,DIL-A0991,991,Has Laran
DIL-S217,DIL-A0992,992,My Friend
DIL-S218,DIL-A0993,993,Capela
DIL-S218,DIL-A0994,994,Lecidere
DIL-S219,DIL-A0995,995,Bairo Central
DIL-S219,DIL-A0996,996,Bairo Formosa
DIL-S219,DIL-A0997,997,Bairo dos Grilos
DIL-S220,DIL-A0998,998,De Novembro
DIL-S220,DIL-A0999,999,De Abril
DIL-S220,DIL-A1000,1000,Audian
DIL-S220,DIL-A1001,1001,De Setembro
DIL-S220,DIL-A1002,1002,De Dezembro
DIL-S220,DIL-A1003,1003,Baheda
DIL-S220,DIL-A1004,1004,Donoge
DIL-S220,DIL-A1005,1005,Lokeneon
DIL-S220,DIL-A1006,1006,Moris Foun
DIL-S220,DIL-A1007,1007,Mura
DIL-S221,DIL-A1008,1008,Alecrin
DIL-S221,DIL-A1009,1009,Becoe
DIL-S221,DIL-A1010,1010,Deanbata Besse
DIL-S221,DIL-A1011,1011,Deposito Penal
DIL-S221,DIL-A1012,1012,Marabia
DIL-S221,DIL-A1013,1013,Metin
DIL-S221,DIL-A1014,1014,Monumentu Kalma
DIL-S221,DIL-A1015,1015,Rai Mean
DIL-S221,DIL-A1016,1016,Sare
DIL-S221,DIL-A1017,1017,Suhu Rama
DIL-S221,DIL-A1018,1018,Temporal
DIL-S221,DIL-A1019,1019,Tuba Rai
DIL-S221,DIL-A1020,1020,Vale de Lahane
DIL-S222,DIL-A1021,1021,Carau Mate
DIL-S222,DIL-A1022,1022,Culau Laletek
DIL-S222,DIL-A1023,1023,Marlboro/maliqueo
DIL-S222,DIL-A1024,1024,Quituto
DIL-S223,DIL-A1025,1025,Fatuloda
DIL-S223,DIL-A1026,1026,Lacoto
DIL-S223,DIL-A1027,1027,Lorico
DIL-S223,DIL-A1028,1028,Tancae
DIL-S224,DIL-A1029,1029,Au-Hun
DIL-S224,DIL-A1030,1030,Becusse Centro
DIL-S224,DIL-A1031,1031,Becusse Kraik
DIL-S224,DIL-A1032,1032,Berbidu
DIL-S224,DIL-A1033,1033,Darlau
DIL-S224,DIL-A1034,1034,Caqeu Laran
DIL-S224,DIL-A1035,1035,Clak Fuik
DIL-S224,DIL-A1036,1036,Maucoco-Mate
DIL-S224,DIL-A1037,1037,Mota Ulun
DIL-S224,DIL-A1038,1038,Romit
DIL-S225,DIL-A1039,1039,Manu-Mata
DIL-S225,DIL-A1040,1040,Mota Claran
DIL-S225,DIL-A1041,1041,Sagrada Familia
DIL-S225,DIL-A1042,1042,Toko Baru
DIL-S226,DIL-A1043,1043,Aidak Bihare
DIL-S226,DIL-A1044,1044,Ailele-Hun
DIL-S226,DIL-A1045,1045,Ailok Laran
DIL-S226,DIL-A1046,1046,Bedois
DIL-S226,DIL-A1047,1047,Bubur-Lau
DIL-S226,DIL-A1048,1048,Caisabe
DIL-S226,DIL-A1049,1049,Fatuk Francisco
DIL-S226,DIL-A1050,1050,Has Laran
DIL-S226,DIL-A1051,1051,Lases
DIL-S226,DIL-A1052,1052,Lenuk- Hun
DIL-S226,DIL-A1053,1053,Namalai
DIL-S226,DIL-A1054,1054,Terminal
DIL-S226,DIL-A1055,1055,Suco Laran
DIL-S227,DIL-A1056,1056,Funu- Hotu
DIL-S227,DIL-A1057,1057,Lao Rai
DIL-S227,DIL-A1058,1058,Loe-Laco
DIL-S227,DIL-A1059,1059,Nato
DIL-S227,DIL-A1060,1060,Surumuto Ba Dame
DIL-S227,DIL-A1061,1061,Tane-Mutu
DIL-S227,DIL-A1062,1062,Toko Baru II
DIL-S228,DIL-A1063,1063,Ailok Laran
DIL-S228,DIL-A1064,1064,Acanuno
DIL-S228,DIL-A1065,1065,Hali Dolar
DIL-S228,DIL-A1066,1066,Moris Foun
DIL-S228,DIL-A1067,1067,Mota Quik
DIL-S228,DIL-A1068,1068,Sucaer Laran
DIL-S229,DIL-A1069,1069,De Abril
DIL-S229,DIL-A1070,1070,Carungu Lau
DIL-S229,DIL-A1071,1071,Fatu Cama
DIL-S230,DIL-A1072,1072,De Dezembro
DIL-S230,DIL-A1073,1073,Anin Fuic
DIL-S230,DIL-A1074,1074,Beto Leste
DIL-S230,DIL-A1075,1075,Beto Tasi
DIL-S230,DIL-A1076,1076,Loron Matan B.t
DIL-S230,DIL-A1077,1077,Naroman
DIL-S230,DIL-A1078,1078,Rosario
DIL-S230,DIL-A1079,1079,Terra Santa
DIL-S231,DIL-A1080,1080,De Outubro
DIL-S231,DIL-A1081,1081,Andevil
DIL-S231,DIL-A1082,1082,Avança
DIL-S231,DIL-A1083,1083,Bita-Ba
DIL-S231,DIL-A1084,1084,Buca-Fini
DIL-S231,DIL-A1085,1085,Fatumeta
DIL-S231,DIL-A1086,1086,Frecat
DIL-S231,DIL-A1087,1087,Fuslam
DIL-S231,DIL-A1088,1088,Haburas
DIL-S231,DIL-A1089,1089,Hale-Mutin
DIL-S231,DIL-A1090,1090,Laloran
DIL-S231,DIL-A1091,1091,Licarapoma
DIL-S231,DIL-A1092,1092,Moris Ba Dame
DIL-S231,DIL-A1093,1093,Niken
DIL-S231,DIL-A1094,1094,Rai Nain
DIL-S231,DIL-A1095,1095,Ribeira Maloa
DIL-S231,DIL-A1096,1096,Rio de Janeiro
DIL-S231,DIL-A1097,1097,Ruin-Naclecar
DIL-S231,DIL-A1098,1098,Sao Jose Nazare
DIL-S231,DIL-A1099,1099,Tane Timor
DIL-S231,DIL-A1100,1100,Teki-Teki
DIL-S231,DIL-A1101,1101,Terus Nanis
DIL-S231,DIL-A1102,1102,Timor Cmanek
DIL-S231,DIL-A1103,1103,Transporte Air Timor/tat
DIL-S231,DIL-A1104,1104,We Dalac
DIL-S231,DIL-A1105,1105,Xamatama
DIL-S232,DIL-A1106,1106,De Agostu
DIL-S232,DIL-A1107,1107,De Setembro
DIL-S232,DIL-A1108,1108,De Outubro
DIL-S232,DIL-A1109,1109,Aimutin
DIL-S232,DIL-A1110,1110,Baya-Leste
DIL-S232,DIL-A1111,1111,Fomento I
DIL-S232,DIL-A1112,1112,Fomento II
DIL-S232,DIL-A1113,1113,Fomento III
DIL-S232,DIL-A1114,1114,Golgota
DIL-S232,DIL-A1115,1115,Moris-Foun
DIL-S232,DIL-A1116,1116,Postu-Penal
DIL-S232,DIL-A1117,1117,Ramelau-Delta
DIL-S232,DIL-A1118,1118,Sâo José
DIL-S232,DIL-A1119,1119,Sâo Miguel
DIL-S233,DIL-A1120,1120,Badiak
DIL-S233,DIL-A1121,1121,Efaca
DIL-S233,DIL-A1122,1122,Lau-Lora
DIL-S233,DIL-A1123,1123,Lemocari
DIL-S233,DIL-A1124,1124,Lisbutak
DIL-S233,DIL-A1125,1125,Mane Mesak
DIL-S233,DIL-A1126,1126,Manleuana
DIL-S233,DIL-A1127,1127,Mauk
DIL-S233,DIL-A1128,1128,Mundo Perdido
DIL-S233,DIL-A1129,1129,Ramelau
DIL-S234,DIL-A1130,1130,Zero
DIL-S234,DIL-A1131,1131,Zero
DIL-S234,DIL-A1132,1132,Zero
DIL-S234,DIL-A1133,1133,Zero
DIL-S234,DIL-A1134,1134,Zero
DIL-S235,DIL-A1135,1135,Metin I
DIL-S235,DIL-A1136,1136,Metin II
DIL-S235,DIL-A1137,1137,Metin III
DIL-S235,DIL-A1138,1138,Metin IV
DIL-S235,DIL-A1139,1139,De Setembro
DIL-S236,DIL-A1140,1140,Anin Fuic
DIL-S236,DIL-A1141,1141,Hamahon
DIL-S236,DIL-A1142,1142,Railakan
ERM-S237,ERM-A1143,1143,Hotino
ERM-S237,ERM-A1144,1144,Apido
ERM-S237,ERM-A1145,1145,Railori
ERM-S237,ERM-A1146,1146,Tatabauria
ERM-S238,ERM-A1147,1147,Hatali
ERM-S238,ERM-A1148,1148,Borhei
ERM-S238,ERM-A1149,1149,Dirlau
ERM-S238,ERM-A1150,1150,Poeana
ERM-S239,ERM-A1151,1151,Cotaheu
ERM-S239,ERM-A1152,1152,Eroho
ERM-S239,ERM-A1153,1153,Hatuposi
ERM-S239,ERM-A1154,1154,Nunupu
ERM-S239,ERM-A1155,1155,Sacoco
ERM-S240,ERM-A1156,1156,Mangero
ERM-S240,ERM-A1157,1157,Gomhei
ERM-S240,ERM-A1158,1158,Sosoher
ERM-S240,ERM-A1159,1159,Hatlour
ERM-S240,ERM-A1160,1160,Raebliri
ERM-S241,ERM-A1161,1161,Nona Bite
ERM-S241,ERM-A1162,1162,Ervilhat
ERM-S241,ERM-A1163,1163,Sari
ERM-S242,ERM-A1164,1164,Timlele Buras
ERM-S242,ERM-A1165,1165,Raimaran
ERM-S242,ERM-A1166,1166,Moris Foun
ERM-S242,ERM-A1167,1167,Mate Restu
ERM-S242,ERM-A1168,1168,Nazare
ERM-S242,ERM-A1169,1169,Lohmo
ERM-S243,ERM-A1170,1170,Titihar
ERM-S243,ERM-A1171,1171,Poehei
ERM-S243,ERM-A1172,1172,Sinlelo
ERM-S243,ERM-A1173,1173,Hatuleta
ERM-S243,ERM-A1174,1174,Leguimea
ERM-S243,ERM-A1175,1175,Tidir
ERM-S244,ERM-A1176,1176,Saramata
ERM-S244,ERM-A1177,1177,Moris Mesak
ERM-S244,ERM-A1178,1178,Railakan
ERM-S244,ERM-A1179,1179,Coração de Jesus
ERM-S244,ERM-A1180,1180,Culau Haburas
ERM-S244,ERM-A1181,1181,Lihmo
ERM-S244,ERM-A1182,1182,Sinai
ERM-S244,ERM-A1183,1183,Indao Luli
ERM-S244,ERM-A1184,1184,Hamrik Metin
ERM-S244,ERM-A1185,1185,Tajaquina
ERM-S244,ERM-A1186,1186,Huitaso
ERM-S244,ERM-A1187,1187,Tatoli
ERM-S245,ERM-A1188,1188,Lima Mesak
ERM-S245,ERM-A1189,1189,Moris Foun
ERM-S245,ERM-A1190,1190,Liberti
ERM-S245,ERM-A1191,1191,Bura
ERM-S245,ERM-A1192,1192,Nunusua
ERM-S246,ERM-A1193,1193,Loblala
ERM-S246,ERM-A1194,1194,Samatrae
ERM-S246,ERM-A1195,1195,Poepun
ERM-S246,ERM-A1196,1196,Taklela
ERM-S246,ERM-A1197,1197,Tidibesi
ERM-S247,ERM-A1198,1198,Gueguemara
ERM-S247,ERM-A1199,1199,Urletoho
ERM-S247,ERM-A1200,1200,Urluli
ERM-S248,ERM-A1201,1201,Vila
ERM-S248,ERM-A1202,1202,Biluli
ERM-S248,ERM-A1203,1203,Lequesi
ERM-S248,ERM-A1204,1204,Rematu
ERM-S249,ERM-A1205,1205,Airae
ERM-S249,ERM-A1206,1206,Batubala
ERM-S249,ERM-A1207,1207,Dadubere
ERM-S249,ERM-A1208,1208,Uabe/malimea
ERM-S249,ERM-A1209,1209,Mania
ERM-S249,ERM-A1210,1210,Tapoabe
ERM-S250,ERM-A1211,1211,Atudose
ERM-S250,ERM-A1212,1212,Cailulik
ERM-S250,ERM-A1213,1213,Colimali
ERM-S250,ERM-A1214,1214,Lauabe
ERM-S250,ERM-A1215,1215,Lelo-Bere
ERM-S250,ERM-A1216,1216,Raebuti
ERM-S251,ERM-A1217,1217,Ilat
ERM-S251,ERM-A1218,1218,Liabe
ERM-S251,ERM-A1219,1219,Koileki
ERM-S251,ERM-A1220,1220,Raelao
ERM-S252,ERM-A1221,1221,Batu Eru
ERM-S252,ERM-A1222,1222,Batu Manu
ERM-S252,ERM-A1223,1223,Batu'U
ERM-S252,ERM-A1224,1224,Mutobau
ERM-S253,ERM-A1225,1225,Ataubu
ERM-S253,ERM-A1226,1226,Aiabe
ERM-S253,ERM-A1227,1227,Nunumea
ERM-S253,ERM-A1228,1228,Taiubu
ERM-S254,ERM-A1229,1229,Ailisu
ERM-S254,ERM-A1230,1230,Malitada
ERM-S254,ERM-A1231,1231,Sorate
ERM-S254,ERM-A1232,1232,Tapomea
ERM-S255,ERM-A1233,1233,Biabote
ERM-S255,ERM-A1234,1234,Purogoa
ERM-S255,ERM-A1235,1235,Sirui
ERM-S256,ERM-A1236,1236,Ahigara
ERM-S256,ERM-A1237,1237,Biabuti
ERM-S256,ERM-A1238,1238,Buibaro
ERM-S256,ERM-A1239,1239,Leulara
ERM-S256,ERM-A1240,1240,Olecata
ERM-S256,ERM-A1241,1241,Orbeto
ERM-S256,ERM-A1242,1242,Raebou
ERM-S256,ERM-A1243,1243,Raelia
ERM-S257,ERM-A1244,1244,Batumigi
ERM-S257,ERM-A1245,1245,Bobaleta
ERM-S257,ERM-A1246,1246,Ilat Kora
ERM-S257,ERM-A1247,1247,Malabe
ERM-S258,ERM-A1248,1248,Atubrao
ERM-S258,ERM-A1249,1249,Atulara
ERM-S258,ERM-A1250,1250,Bili-Ubu
ERM-S258,ERM-A1251,1251,Laco-Ubu
ERM-S258,ERM-A1252,1252,Motu-Ubu
ERM-S258,ERM-A1253,1253,Obeto
ERM-S258,ERM-A1254,1254,Suri-Ubu
ERM-S259,ERM-A1255,1255,Atupae
ERM-S259,ERM-A1256,1256,Airae
ERM-S259,ERM-A1257,1257,Aliatu
ERM-S259,ERM-A1258,1258,Asio
ERM-S259,ERM-A1259,1259,Atubuti
ERM-S259,ERM-A1260,1260,Ilat
ERM-S260,ERM-A1261,1261,Ilat
ERM-S260,ERM-A1262,1262,Cota Bot
ERM-S260,ERM-A1263,1263,Soilakudu
ERM-S261,ERM-A1264,1264,Raimate
ERM-S261,ERM-A1265,1265,Dirihatilau
ERM-S261,ERM-A1266,1266,Norema
ERM-S261,ERM-A1267,1267,Poelete
ERM-S261,ERM-A1268,1268,Bermoslau
ERM-S261,ERM-A1269,1269,Sare
ERM-S262,ERM-A1270,1270,Tata
ERM-S262,ERM-A1271,1271,Betupu
ERM-S262,ERM-A1272,1272,Leirema
ERM-S262,ERM-A1273,1273,Santa Cruz
ERM-S263,ERM-A1274,1274,Aihatadio
ERM-S263,ERM-A1275,1275,Claetrema
ERM-S263,ERM-A1276,1276,Hau-Hei
ERM-S263,ERM-A1277,1277,Manucate
ERM-S264,ERM-A1278,1278,Manulete
ERM-S264,ERM-A1279,1279,Raegoa
ERM-S264,ERM-A1280,1280,Teuro
ERM-S265,ERM-A1281,1281,Aimeraulo
ERM-S265,ERM-A1282,1282,Simohei
ERM-S265,ERM-A1283,1283,Hohopo
ERM-S265,ERM-A1284,1284,Hatubatu
ERM-S266,ERM-A1285,1285,Gunutur
ERM-S266,ERM-A1286,1286,Hatupae
ERM-S266,ERM-A1287,1287,Laquiama
ERM-S267,ERM-A1288,1288,Brugbou
ERM-S267,ERM-A1289,1289,Leodato
ERM-S268,ERM-A1290,1290,Otete
ERM-S268,ERM-A1291,1291,Bauana
ERM-S268,ERM-A1292,1292,Cuccara
ERM-S268,ERM-A1293,1293,Lugulalau
ERM-S268,ERM-A1294,1294,Hatete
ERM-S269,ERM-A1295,1295,Railuli
ERM-S269,ERM-A1296,1296,Petalara
ERM-S270,ERM-A1297,1297,Assulau Hautete
ERM-S270,ERM-A1298,1298,Lebumeo
ERM-S270,ERM-A1299,1299,Matanoba
ERM-S270,ERM-A1300,1300,Peregrinação
ERM-S270,ERM-A1301,1301,Sabsoi
ERM-S270,ERM-A1302,1302,São Francisco
ERM-S271,ERM-A1303,1303,Apirado
ERM-S271,ERM-A1304,1304,Aitemua
ERM-S271,ERM-A1305,1305,Fatubolu
ERM-S271,ERM-A1306,1306,Poerema
ERM-S272,ERM-A1307,1307,Gaelema
ERM-S272,ERM-A1308,1308,Hatupa
ERM-S272,ERM-A1309,1309,Naumenaro
ERM-S272,ERM-A1310,1310,Lauraehou
ERM-S272,ERM-A1311,1311,Tataeulo
ERM-S272,ERM-A1312,1312,Tidibessi
ERM-S273,ERM-A1313,1313,Arleu
ERM-S273,ERM-A1314,1314,Caisoru
ERM-S273,ERM-A1315,1315,Gorotu
ERM-S273,ERM-A1316,1316,Leborema
ERM-S274,ERM-A1317,1317,Caiturloa
ERM-S274,ERM-A1318,1318,Dosmagar
ERM-S274,ERM-A1319,1319,Hatulailete
ERM-S274,ERM-A1320,1320,Laulema
ERM-S274,ERM-A1321,1321,Manuhatu
ERM-S274,ERM-A1322,1322,Raimean
ERM-S275,ERM-A1323,1323,Darema
ERM-S275,ERM-A1324,1324,Manuponihei
ERM-S275,ERM-A1325,1325,Tunlero
ERM-S275,ERM-A1326,1326,Colhuinamo
ERM-S275,ERM-A1327,1327,Tuileso
ERM-S276,ERM-A1328,1328,Leobudu
ERM-S276,ERM-A1329,1329,Boeh-Mata
ERM-S277,ERM-A1330,1330,Palimano
ERM-S277,ERM-A1331,1331,Kaitarahei
ERM-S278,ERM-A1332,1332,Camalraehei
ERM-S278,ERM-A1333,1333,Raeudu
ERM-S278,ERM-A1334,1334,Camalpun
ERM-S278,ERM-A1335,1335,Hi
ERM-S279,ERM-A1336,1336,Colaco
ERM-S279,ERM-A1337,1337,Mau-Ane
ERM-S279,ERM-A1338,1338,Tarmausoru
ERM-S279,ERM-A1339,1339,Titi-Buti
ERM-S280,ERM-A1340,1340,Leburema
ERM-S280,ERM-A1341,1341,Eraulo
ERM-S280,ERM-A1342,1342,Aiurlala
ERM-S281,ERM-A1343,1343,Riamori
ERM-S281,ERM-A1344,1344,Fatucado
ERM-S281,ERM-A1345,1345,Cocoa
ERM-S281,ERM-A1346,1346,Sobrequeque
ERM-S282,ERM-A1347,1347,Datuleo
ERM-S282,ERM-A1348,1348,Laqueco
ERM-S283,ERM-A1349,1349,Caisahe
ERM-S283,ERM-A1350,1350,Marobo
ERM-S283,ERM-A1351,1351,Tahobate
ERM-S284,ERM-A1352,1352,Assui Kraik
ERM-S284,ERM-A1353,1353,Assui Leten
ERM-S284,ERM-A1354,1354,Eratoi
ERM-S284,ERM-A1355,1355,Hatuhei
ERM-S284,ERM-A1356,1356,Lacau
ERM-S285,ERM-A1357,1357,Laclo
ERM-S285,ERM-A1358,1358,Lebudu
ERM-S285,ERM-A1359,1359,Lebululi
ERM-S285,ERM-A1360,1360,Manusae
ERM-S285,ERM-A1361,1361,Raerema
ERM-S285,ERM-A1362,1362,Renumata
ERM-S285,ERM-A1363,1363,Rotutu
ERM-S285,ERM-A1364,1364,Sabelo
ERM-S286,ERM-A1365,1365,Baulisuria
ERM-S286,ERM-A1366,1366,Colo-Coli
ERM-S286,ERM-A1367,1367,Hatudmei
ERM-S286,ERM-A1368,1368,Hatugeo
ERM-S286,ERM-A1369,1369,Hatulete
ERM-S286,ERM-A1370,1370,Leburema
ERM-S286,ERM-A1371,1371,Manucoliria
ERM-S286,ERM-A1372,1372,Manturai
ERM-S286,ERM-A1373,1373,Mausormata
ERM-S287,ERM-A1374,1374,Duhoho
ERM-S287,ERM-A1375,1375,Fahiluha
ERM-S287,ERM-A1376,1376,Hohulu
ERM-S287,ERM-A1377,1377,Lumutou
ERM-S287,ERM-A1378,1378,Mirigue
ERM-S287,ERM-A1379,1379,Raebou
ERM-S287,ERM-A1380,1380,Tunufahi
ERM-S288,ERM-A1381,1381,Alosai
ERM-S288,ERM-A1382,1382,Grotu
ERM-S288,ERM-A1383,1383,Hatugeo
ERM-S288,ERM-A1384,1384,Leubasa
ERM-S288,ERM-A1385,1385,Liabe
ERM-S288,ERM-A1386,1386,Limiluhi
ERM-S288,ERM-A1387,1387,Quirilelo
ERM-S288,ERM-A1388,1388,Raebou Ainapa
ERM-S288,ERM-A1389,1389,Raebou Sloi
ERM-S288,ERM-A1390,1390,Roulo
ERM-S289,ERM-A1391,1391,Darudu
ERM-S289,ERM-A1392,1392,Goulala
ERM-S289,ERM-A1393,1393,Lequisala
ERM-S289,ERM-A1394,1394,Madede
ERM-S289,ERM-A1395,1395,Olopana
ERM-S289,ERM-A1396,1396,Taurema
ERM-S290,ERM-A1397,1397,Beturema
ERM-S290,ERM-A1398,1398,Goulala
ERM-S290,ERM-A1399,1399,Goulolo
ERM-S290,ERM-A1400,1400,Kailiti
ERM-S291,ERM-A1401,1401,Cailiti
ERM-S291,ERM-A1402,1402,Hatugau
ERM-S291,ERM-A1403,1403,Hunda
ERM-S291,ERM-A1404,1404,Riaheu
ERM-S291,ERM-A1405,1405,Rialau
ERM-S291,ERM-A1406,1406,Sauria
ERM-S292,ERM-A1407,1407,Assi
ERM-S292,ERM-A1408,1408,Beturema
ERM-S292,ERM-A1409,1409,Duhoho
ERM-S292,ERM-A1410,1410,Hatuhou
ERM-S292,ERM-A1411,1411,Hauleun
ERM-S292,ERM-A1412,1412,Haupu
ERM-S292,ERM-A1413,1413,Kairia
ERM-S292,ERM-A1414,1414,Lutlala
ERM-S292,ERM-A1415,1415,Manukati Leten
ERM-S292,ERM-A1416,1416,Raepusa
ERM-S292,ERM-A1417,1417,Riamori
ERM-S292,ERM-A1418,1418,Riatoni
LAU-S293,LAU-A1419,1419,Heitali
LAU-S293,LAU-A1420,1420,Lalumato
LAU-S293,LAU-A1421,1421,Leilor
LAU-S293,LAU-A1422,1422,Marafal
LAU-S294,LAU-A1423,1423,Caidavalarin
LAU-S294,LAU-A1424,1424,Larimi
LAU-S294,LAU-A1425,1425,Liufalun
LAU-S294,LAU-A1426,1426,Maluhira
LAU-S294,LAU-A1427,1427,Titiravein
LAU-S295,LAU-A1428,1428,Acadirulo
LAU-S295,LAU-A1429,1429,Rumutau
LAU-S295,LAU-A1430,1430,Vataomar
LAU-S296,LAU-A1431,1431,Ara'Ara
LAU-S296,LAU-A1432,1432,Caentau
LAU-S296,LAU-A1433,1433,Iliomar
LAU-S296,LAU-A1434,1434,Ossohira
LAU-S296,LAU-A1435,1435,Vatamatar
LAU-S297,LAU-A1436,1436,Acara
LAU-S297,LAU-A1437,1437,Boquila
LAU-S297,LAU-A1438,1438,Caidabu
LAU-S297,LAU-A1439,1439,Lihina
LAU-S297,LAU-A1440,1440,Madarira
LAU-S298,LAU-A1441,1441,Etevata
LAU-S298,LAU-A1442,1442,Tatalalarin
LAU-S298,LAU-A1443,1443,Tirilolo
LAU-S299,LAU-A1444,1444,Irapala
LAU-S299,LAU-A1445,1445,Laculomano
LAU-S299,LAU-A1446,1446,Luadau
LAU-S299,LAU-A1447,1447,Malailada
LAU-S299,LAU-A1448,1448,Tamaro
LAU-S300,LAU-A1449,1449,Etepiti
LAU-S300,LAU-A1450,1450,Ira'Ono
LAU-S300,LAU-A1451,1451,Lohomato
LAU-S300,LAU-A1452,1452,Muapusso
LAU-S300,LAU-A1453,1453,Pitileti
LAU-S300,LAU-A1454,1454,Vailovaia
LAU-S301,LAU-A1455,1455,Aelafa
LAU-S301,LAU-A1456,1456,Anarua
LAU-S301,LAU-A1457,1457,Macalodo
LAU-S301,LAU-A1458,1458,Nassuloi
LAU-S301,LAU-A1459,1459,Sagueli
LAU-S301,LAU-A1460,1460,Samaira
LAU-S301,LAU-A1461,1461,Uanambere
LAU-S301,LAU-A1462,1462,Vassatoi
LAU-S302,LAU-A1463,1463,Barliu
LAU-S302,LAU-A1464,1464,Borubatu
LAU-S302,LAU-A1465,1465,Vaniria
LAU-S303,LAU-A1466,1466,Samalari
LAU-S303,LAU-A1467,1467,Titilari
LAU-S304,LAU-A1468,1468,Dauluturo
LAU-S304,LAU-A1469,1469,Mauvedara
LAU-S304,LAU-A1470,1470,Narunteino
LAU-S304,LAU-A1471,1471,Paiahara
LAU-S304,LAU-A1472,1472,Soleresi
LAU-S305,LAU-A1473,1473,Codo
LAU-S305,LAU-A1474,1474,Lereado
LAU-S305,LAU-A1475,1475,Lereira
LAU-S305,LAU-A1476,1476,Oirata
LAU-S305,LAU-A1477,1477,Queduloro
LAU-S306,LAU-A1478,1478,Caporo
LAU-S306,LAU-A1479,1479,Ira-Tchau
LAU-S306,LAU-A1480,1480,Levono
LAU-S306,LAU-A1481,1481,Puno
LAU-S307,LAU-A1482,1482,Iparira
LAU-S307,LAU-A1483,1483,Ira'Ara
LAU-S307,LAU-A1484,1484,Laiara
LAU-S307,LAU-A1485,1485,Moro
LAU-S307,LAU-A1486,1486,Soiquili
LAU-S308,LAU-A1487,1487,Adavari
LAU-S308,LAU-A1488,1488,Puruvari
LAU-S308,LAU-A1489,1489,Ra'Ano
LAU-S309,LAU-A1490,1490,Bauro
LAU-S309,LAU-A1491,1491,Iralafai
LAU-S309,LAU-A1492,1492,Luarai
LAU-S309,LAU-A1493,1493,Sepelata
LAU-S309,LAU-A1494,1494,Somotcho
LAU-S310,LAU-A1495,1495,Laiara
LAU-S310,LAU-A1496,1496,Paihira
LAU-S310,LAU-A1497,1497,Solepara
LAU-S310,LAU-A1498,1498,Tcharano
LAU-S311,LAU-A1499,1499,Assalaino
LAU-S311,LAU-A1500,1500,Bemoris
LAU-S311,LAU-A1501,1501,Central
LAU-S311,LAU-A1502,1502,Kuluhun
LAU-S311,LAU-A1503,1503,Ira'Ara
LAU-S311,LAU-A1504,1504,Lereloho
LAU-S311,LAU-A1505,1505,Lospala
LAU-S311,LAU-A1506,1506,Nakroman
LAU-S311,LAU-A1507,1507,Tchauluturo
LAU-S311,LAU-A1508,1508,Titilari
LAU-S311,LAU-A1509,1509,De Agosto
LAU-S312,LAU-A1510,1510,Larinatcha
LAU-S312,LAU-A1511,1511,Lilapuhu
LAU-S312,LAU-A1512,1512,Reisoru
LAU-S312,LAU-A1513,1513,Tchenuloro
LAU-S313,LAU-A1514,1514,Leuro
LAU-S313,LAU-A1515,1515,Luturula
LAU-S313,LAU-A1516,1516,Soro Moco
LAU-S313,LAU-A1517,1517,Tcharano
LAU-S314,LAU-A1518,1518,Lopuloho
LAU-S314,LAU-A1519,1519,Malahara
LAU-S314,LAU-A1520,1520,Muapitine
LAU-S314,LAU-A1521,1521,Pehefito
LAU-S314,LAU-A1522,1522,Vailoro
LAU-S315,LAU-A1523,1523,Maulo'O
LAU-S315,LAU-A1524,1524,Raça
LAU-S315,LAU-A1525,1525,Tchailoro
LAU-S316,LAU-A1526,1526,Foema'A
LAU-S316,LAU-A1527,1527,Louro
LAU-S316,LAU-A1528,1528,Nairete
LAU-S316,LAU-A1529,1529,Nanacuro
LAU-S316,LAU-A1530,1530,Omocano
LAU-S316,LAU-A1531,1531,Soru-Lua
LAU-S316,LAU-A1532,1532,Tchaivatcha
LAU-S317,LAU-A1533,1533,Horolata
LAU-S317,LAU-A1534,1534,Maluro
LAU-S317,LAU-A1535,1535,Otcho-Tchau
LAU-S317,LAU-A1536,1536,Tchai
LAU-S317,LAU-A1537,1537,Titilari
LAU-S317,LAU-A1538,1538,Vailana
LAU-S318,LAU-A1539,1539,Ililapa
LAU-S318,LAU-A1540,1540,Nuhalata
LAU-S318,LAU-A1541,1541,Haitupuca
LAU-S319,LAU-A1542,1542,Dalari
LAU-S319,LAU-A1543,1543,Jefaliu
LAU-S320,LAU-A1544,1544,Afaia
LAU-S320,LAU-A1545,1545,Sarelari
LAU-S320,LAU-A1546,1546,Ussufassu
LAU-S321,LAU-A1547,1547,Buanomar
LAU-S321,LAU-A1548,1548,Etanisi
LAU-S321,LAU-A1549,1549,Ouroma
LAU-S322,LAU-A1550,1550,Boruvali
LAU-S322,LAU-A1551,1551,Borugae
LAU-S322,LAU-A1552,1552,Oneraba
LAU-S323,LAU-A1553,1553,Abere
LAU-S323,LAU-A1554,1554,Alahira
LAU-S323,LAU-A1555,1555,Amaira
LAU-S323,LAU-A1556,1556,Hailarino
LAU-S323,LAU-A1557,1557,Vatalarino
LAU-S324,LAU-A1558,1558,Afanami
LAU-S324,LAU-A1559,1559,Iuto
LAU-S324,LAU-A1560,1560,Liarafa
LAU-S324,LAU-A1561,1561,Luturo
LAU-S324,LAU-A1562,1562,Soba
LAU-S325,LAU-A1563,1563,Loiquero
LAU-S325,LAU-A1564,1564,Poros
LAU-S325,LAU-A1565,1565,Porlamano
LAU-S326,LAU-A1566,1566,Tchailoro
LAU-S326,LAU-A1567,1567,Vero
LAU-S326,LAU-A1568,1568,Pitileti
LAU-S326,LAU-A1569,1569,Ioro
LIQ-S327,LIQ-A1570,1570,Baquilaun
LIQ-S327,LIQ-A1571,1571,Humbuti
LIQ-S327,LIQ-A1572,1572,Tettre
LIQ-S328,LIQ-A1573,1573,Caimegohou
LIQ-S328,LIQ-A1574,1574,Darmudapu
LIQ-S328,LIQ-A1575,1575,Maumetalau
LIQ-S328,LIQ-A1576,1576,Nartutu
LIQ-S329,LIQ-A1577,1577,Fatunia
LIQ-S329,LIQ-A1578,1578,Libaulelo
LIQ-S329,LIQ-A1579,1579,Mau-Soi
LIQ-S329,LIQ-A1580,1580,Turleu
LIQ-S330,LIQ-A1581,1581,Ermeta
LIQ-S330,LIQ-A1582,1582,Essirat
LIQ-S330,LIQ-A1583,1583,Fatubesilolo
LIQ-S330,LIQ-A1584,1584,Mane-Mori
LIQ-S330,LIQ-A1585,1585,Mane-Muno
LIQ-S330,LIQ-A1586,1586,Nauner
LIQ-S330,LIQ-A1587,1587,Neran
LIQ-S330,LIQ-A1588,1588,Terlau
LIQ-S330,LIQ-A1589,1589,Tetsari
LIQ-S331,LIQ-A1590,1590,Classo
LIQ-S331,LIQ-A1591,1591,Mau-Luto
LIQ-S331,LIQ-A1592,1592,Mota Icun
LIQ-S332,LIQ-A1593,1593,Assorlema
LIQ-S332,LIQ-A1594,1594,Caleulema
LIQ-S332,LIQ-A1595,1595,Metiluli
LIQ-S333,LIQ-A1596,1596,Caimegulo
LIQ-S333,LIQ-A1597,1597,Camalehou
LIQ-S333,LIQ-A1598,1598,Pissu Craic
LIQ-S333,LIQ-A1599,1599,Pissu Lete
LIQ-S333,LIQ-A1600,1600,Raucassa
LIQ-S334,LIQ-A1601,1601,Baura
LIQ-S334,LIQ-A1602,1602,Bucumera
LIQ-S334,LIQ-A1603,1603,Cutulau
LIQ-S334,LIQ-A1604,1604,Ergoa
LIQ-S334,LIQ-A1605,1605,Fatunero
LIQ-S334,LIQ-A1606,1606,Hatu-Hou
LIQ-S334,LIQ-A1607,1607,Manu-Lete
LIQ-S334,LIQ-A1608,1608,Railuli
LIQ-S334,LIQ-A1609,1609,Urema
LIQ-S334,LIQ-A1610,1610,Urluli
LIQ-S335,LIQ-A1611,1611,Bazartete
LIQ-S335,LIQ-A1612,1612,Durubasa
LIQ-S335,LIQ-A1613,1613,Legumea
LIQ-S335,LIQ-A1614,1614,Metir
LIQ-S336,LIQ-A1615,1615,Fatuneso
LIQ-S336,LIQ-A1616,1616,Tuhilo Craic
LIQ-S336,LIQ-A1617,1617,Tuhilo Leten
LIQ-S337,LIQ-A1618,1618,Caicasaico
LIQ-S337,LIQ-A1619,1619,Hatumatilu
LIQ-S337,LIQ-A1620,1620,Quirilelo
LIQ-S337,LIQ-A1621,1621,Siscoelema
LIQ-S338,LIQ-A1622,1622,Caileli
LIQ-S338,LIQ-A1623,1623,Carulema
LIQ-S338,LIQ-A1624,1624,Lebu-Ae
LIQ-S338,LIQ-A1625,1625,Manupatia
LIQ-S339,LIQ-A1626,1626,Cabuilimo
LIQ-S339,LIQ-A1627,1627,Camalehohoru
LIQ-S339,LIQ-A1628,1628,Camalelala
LIQ-S339,LIQ-A1629,1629,Hecar
LIQ-S339,LIQ-A1630,1630,Laclolema
LIQ-S339,LIQ-A1631,1631,Lebuhei
LIQ-S339,LIQ-A1632,1632,Leopa
LIQ-S339,LIQ-A1633,1633,Lisaico
LIQ-S339,LIQ-A1634,1634,Puquelara
LIQ-S339,LIQ-A1635,1635,Quirilelo
LIQ-S340,LIQ-A1636,1636,Cotalara
LIQ-S340,LIQ-A1637,1637,Hatululi
LIQ-S340,LIQ-A1638,1638,Manucol-Hata
LIQ-S340,LIQ-A1639,1639,Soatala
LIQ-S341,LIQ-A1640,1640,Caicoletohoho
LIQ-S341,LIQ-A1641,1641,Caidico
LIQ-S341,LIQ-A1642,1642,Hatarlema
LIQ-S341,LIQ-A1643,1643,Hatuquessilete
LIQ-S341,LIQ-A1644,1644,Lebusalara
LIQ-S341,LIQ-A1645,1645,Nunubrihati
LIQ-S341,LIQ-A1646,1646,Nunuhou
LIQ-S341,LIQ-A1647,1647,Tautalo
LIQ-S342,LIQ-A1648,1648,Hunehei
LIQ-S342,LIQ-A1649,1649,Lebuana
LIQ-S342,LIQ-A1650,1650,Metagou
LIQ-S342,LIQ-A1651,1651,Natarae
LIQ-S343,LIQ-A1652,1652,Caimegoluli
LIQ-S343,LIQ-A1653,1653,Hatumasi
LIQ-S343,LIQ-A1654,1654,Lepa
LIQ-S343,LIQ-A1655,1655,Manati
LIQ-S343,LIQ-A1656,1656,Tolema
LIQ-S344,LIQ-A1657,1657,Baiquenulau
LIQ-S344,LIQ-A1658,1658,Darulema
LIQ-S344,LIQ-A1659,1659,Lissalara
LIQ-S344,LIQ-A1660,1660,Nunulete
LIQ-S344,LIQ-A1661,1661,Vatuguili
LIQ-S345,LIQ-A1662,1662,Bouraevei
LIQ-S345,LIQ-A1663,1663,Gariana
LIQ-S345,LIQ-A1664,1664,Lebucailiti
LIQ-S345,LIQ-A1665,1665,Lissa-Ico
LIQ-S345,LIQ-A1666,1666,Lissalara
LIQ-S345,LIQ-A1667,1667,Manuquibia
LIQ-S345,LIQ-A1668,1668,Mau-Ubu
LIQ-S345,LIQ-A1669,1669,Raeme
LIQ-S345,LIQ-A1670,1670,Samanaru
LIQ-S345,LIQ-A1671,1671,Vatu-Nau
LIQ-S346,LIQ-A1672,1672,Darulara
LIQ-S346,LIQ-A1673,1673,Delesuvati
LIQ-S346,LIQ-A1674,1674,Lebumeta
LIQ-S346,LIQ-A1675,1675,Morae
LIQ-S346,LIQ-A1676,1676,Nunuana
LIQ-S346,LIQ-A1677,1677,Pametapu
LIQ-S346,LIQ-A1678,1678,Vila
LIQ-S347,LIQ-A1679,1679,Cai-Cassa
LIQ-S347,LIQ-A1680,1680,Dair
LIQ-S347,LIQ-A1681,1681,Erito
LIQ-S347,LIQ-A1682,1682,Lautecas
LIQ-S347,LIQ-A1683,1683,Lauvou
LIQ-S347,LIQ-A1684,1684,Lebulugor
LIQ-S347,LIQ-A1685,1685,Lissa-Lara
LIQ-S347,LIQ-A1686,1686,Palistla
LIQ-S347,LIQ-A1687,1687,Puquelete
LIQ-S347,LIQ-A1688,1688,Raenaba
LIQ-S347,LIQ-A1689,1689,Vatumori
LIQ-S348,LIQ-A1690,1690,Cai-Bair
LIQ-S348,LIQ-A1691,1691,Raeglelu
LIQ-S348,LIQ-A1692,1692,Sabulau
LIQ-S348,LIQ-A1693,1693,Tatamolobu
LIQ-S348,LIQ-A1694,1694,Vaupu
LIQ-S349,LIQ-A1695,1695,Bautalo
LIQ-S349,LIQ-A1696,1696,Cai-Cassa
LIQ-S349,LIQ-A1697,1697,Darulema
LIQ-S349,LIQ-A1698,1698,Glai
LIQ-S349,LIQ-A1699,1699,Lebuhae
LIQ-S349,LIQ-A1700,1700,Manuquibia
LIQ-S349,LIQ-A1701,1701,Nunulisa
LIQ-S350,LIQ-A1702,1702,Caicassavou
LIQ-S350,LIQ-A1703,1703,Irlelo
LIQ-S350,LIQ-A1704,1704,Mau-Uno
LIQ-S350,LIQ-A1705,1705,Pamdevou
LIQ-S350,LIQ-A1706,1706,Vatu-Vei
MAN-S351,MAN-A1707,1707,Belebato
MAN-S351,MAN-A1708,1708,Iun
MAN-S352,MAN-A1709,1709,Bi-Uac
MAN-S352,MAN-A1710,1710,Carlilu
MAN-S352,MAN-A1711,1711,Umasau
MAN-S353,MAN-A1712,1712,Athoc
MAN-S353,MAN-A1713,1713,Caunua
MAN-S353,MAN-A1714,1714,Ranac
MAN-S353,MAN-A1715,1715,Tuquete
MAN-S353,MAN-A1716,1716,Ueubani
MAN-S354,MAN-A1717,1717,Ili-Huli
MAN-S354,MAN-A1718,1718,I-Un
MAN-S355,MAN-A1719,1719,Ma'Abat
MAN-S355,MAN-A1720,1720,Soraha
MAN-S356,MAN-A1721,1721,Lulia
MAN-S356,MAN-A1722,1722,Materaten
MAN-S356,MAN-A1723,1723,Wehalan
MAN-S357,MAN-A1724,1724,Obrato
MAN-S357,MAN-A1725,1725,Sau
MAN-S358,MAN-A1726,1726,Bia-Ba'E
MAN-S358,MAN-A1727,1727,Corohoco
MAN-S358,MAN-A1728,1728,Hatu-Karau
MAN-S358,MAN-A1729,1729,Rai-Bu
MAN-S358,MAN-A1730,1730,Rai-Mea
MAN-S358,MAN-A1731,1731,Uai-Nunu
MAN-S358,MAN-A1732,1732,Uatu-Sili
MAN-S359,MAN-A1733,1733,Ralan
MAN-S359,MAN-A1734,1734,Uma-Iuc
MAN-S359,MAN-A1735,1735,Ueboro
MAN-S360,MAN-A1736,1736,Lenao
MAN-S360,MAN-A1737,1737,Uma-Clalan
MAN-S360,MAN-A1738,1738,Uma-Rentau
MAN-S361,MAN-A1739,1739,Anicolaun
MAN-S361,MAN-A1740,1740,Miri Huhun
MAN-S361,MAN-A1741,1741,Hatu Ermera
MAN-S361,MAN-A1742,1742,Hatanaun
MAN-S362,MAN-A1743,1743,Hatu Conan
MAN-S362,MAN-A1744,1744,Labubu
MAN-S362,MAN-A1745,1745,Nacaleo
MAN-S362,MAN-A1746,1746,Readodoc
MAN-S362,MAN-A1747,1747,Tahagamu
MAN-S363,MAN-A1748,1748,Bahadic
MAN-S363,MAN-A1749,1749,Licore
MAN-S363,MAN-A1750,1750,Hatu-Ruin
MAN-S363,MAN-A1751,1751,Rea-Hatu
MAN-S364,MAN-A1752,1752,Condar
MAN-S364,MAN-A1753,1753,Hahi Hoho
MAN-S364,MAN-A1754,1754,Ili-Mano
MAN-S364,MAN-A1755,1755,Rebutik Geong
MAN-S365,MAN-A1756,1756,Bua
MAN-S365,MAN-A1757,1757,Hahi-Lacor
MAN-S365,MAN-A1758,1758,Uma Naruc
MAN-S365,MAN-A1759,1759,Uma Surat
MAN-S366,MAN-A1760,1760,Are Ain
MAN-S366,MAN-A1761,1761,Balulin
MAN-S366,MAN-A1762,1762,Fatuha
MAN-S366,MAN-A1763,1763,Werulun
MAN-S367,MAN-A1764,1764,Bamatac
MAN-S367,MAN-A1765,1765,Fahi Lihun
MAN-S367,MAN-A1766,1766,Lawado
MAN-S367,MAN-A1767,1767,Maucucurian
MAN-S368,MAN-A1768,1768,Laramera
MAN-S368,MAN-A1769,1769,Lisuata
MAN-S368,MAN-A1770,1770,Sasahi
MAN-S369,MAN-A1771,1771,Aman Un
MAN-S369,MAN-A1772,1772,Calohan
MAN-S369,MAN-A1773,1773,Futumanuc
MAN-S369,MAN-A1774,1774,Aceno
MAN-S369,MAN-A1775,1775,Lafulau
MAN-S369,MAN-A1776,1776,Mane-Atun
MAN-S370,MAN-A1777,1777,Aimaulin
MAN-S370,MAN-A1778,1778,Diric Un
MAN-S370,MAN-A1779,1779,Fatulaun
MAN-S370,MAN-A1780,1780,Le'I
MAN-S370,MAN-A1781,1781,Naule'En
MAN-S370,MAN-A1782,1782,Orlalan
MAN-S370,MAN-A1783,1783,Pualaca
MAN-S370,MAN-A1784,1784,Torilalan
MAN-S371,MAN-A1785,1785,Fatu-Uc
MAN-S371,MAN-A1786,1786,Ruhetun
MAN-S371,MAN-A1787,1787,Tanusa
MAN-S371,MAN-A1788,1788,Waidarec
MAN-S372,MAN-A1789,1789,Lesuata
MAN-S372,MAN-A1790,1790,Sasahi
MAN-S373,MAN-A1791,1791,Leo-Hat
MAN-S373,MAN-A1792,1792,Malus Hun
MAN-S374,MAN-A1793,1793,Maun-Fahe
MAN-S374,MAN-A1794,1794,Teras
MAN-S375,MAN-A1795,1795,Dauloroc
MAN-S375,MAN-A1796,1796,Manlala
MAN-S376,MAN-A1797,1797,Uma Querec Leten
MAN-S376,MAN-A1798,1798,Uma Querec Lor
MAN-S377,MAN-A1799,1799,Buburlara
MAN-S377,MAN-A1800,1800,Wecadi
MAN-S378,MAN-A1801,1801,Caunua
MAN-S378,MAN-A1802,1802,Weubani
MAN-S379,MAN-A1803,1803,Camedar
MAN-S379,MAN-A1804,1804,Ranac
MAN-S380,MAN-A1805,1805,Dambua Hun
MAN-S380,MAN-A1806,1806,Isadan
MAN-S380,MAN-A1807,1807,Nu-Ahuc
MAN-S381,MAN-A1808,1808,Ue-Onu
MAN-S381,MAN-A1809,1809,Ue-Kandia
MAN-S382,MAN-A1810,1810,Fehuc Rin
MAN-S382,MAN-A1811,1811,Halibur
MNF-S383,MNF-A1812,1812,Lapuro
MNF-S383,MNF-A1813,1813,Lia-Nai
MNF-S383,MNF-A1814,1814,Nunu-Fu
MNF-S383,MNF-A1815,1815,Raimera
MNF-S383,MNF-A1816,1816,Searema
MNF-S383,MNF-A1817,1817,Turon
MNF-S383,MNF-A1818,1818,Uma-Liurai
MNF-S383,MNF-A1819,1819,Uma-Luli
MNF-S384,MNF-A1820,1820,Bemetan
MNF-S384,MNF-A1821,1821,Lalica
MNF-S384,MNF-A1822,1822,Leo-Ai
MNF-S384,MNF-A1823,1823,Loro
MNF-S384,MNF-A1824,1824,Rai-Fussa
MNF-S384,MNF-A1825,1825,Sessurai
MNF-S385,MNF-A1826,1826,Dai-Sua
MNF-S385,MNF-A1827,1827,Leço-Ai
MNF-S385,MNF-A1828,1828,Loti
MNF-S385,MNF-A1829,1829,Leço-Lau
MNF-S385,MNF-A1830,1830,Ria-Tu
MNF-S386,MNF-A1831,1831,Datina
MNF-S386,MNF-A1832,1832,Fahiluhan
MNF-S387,MNF-A1833,1833,Coli Dassi
MNF-S387,MNF-A1834,1834,Dato Rae
MNF-S387,MNF-A1835,1835,Leo Dato
MNF-S388,MNF-A1836,1836,Anilumo
MNF-S388,MNF-A1837,1837,Blaro
MNF-S388,MNF-A1838,1838,Carbulau
MNF-S388,MNF-A1839,1839,Deunai
MNF-S388,MNF-A1840,1840,Falitehu
MNF-S388,MNF-A1841,1841,Fatuco
MNF-S388,MNF-A1842,1842,Hatu-Rae
MNF-S388,MNF-A1843,1843,Orema
MNF-S388,MNF-A1844,1844,Russo
MNF-S388,MNF-A1845,1845,Tirilolo
MNF-S388,MNF-A1846,1846,Uru Fu
MNF-S389,MNF-A1847,1847,Ailuli
MNF-S389,MNF-A1848,1848,Cotalala
MNF-S389,MNF-A1849,1849,Ladiqui
MNF-S389,MNF-A1850,1850,Manico
MNF-S389,MNF-A1851,1851,Rai-Ubo
MNF-S389,MNF-A1852,1852,Ria-Lau
MNF-S389,MNF-A1853,1853,Tomonamo
MNF-S390,MNF-A1854,1854,Bere-Tini
MNF-S390,MNF-A1855,1855,Foe-Hei
MNF-S390,MNF-A1856,1856,Hatu-Hei
MNF-S390,MNF-A1857,1857,Leo-Fat
MNF-S390,MNF-A1858,1858,Sabou
MNF-S391,MNF-A1859,1859,Ailau
MNF-S391,MNF-A1860,1860,Batas
MNF-S391,MNF-A1861,1861,Bubolau
MNF-S391,MNF-A1862,1862,Dalun
MNF-S391,MNF-A1863,1863,Hastetuc
MNF-S391,MNF-A1864,1864,Roin
MNF-S391,MNF-A1865,1865,Sosemera
MNF-S392,MNF-A1866,1866,Leolor
MNF-S392,MNF-A1867,1867,Leorae
MNF-S392,MNF-A1868,1868,Suku Liurai
MNF-S393,MNF-A1869,1869,Aituha
MNF-S393,MNF-A1870,1870,Bubulora
MNF-S393,MNF-A1871,1871,Bubussuso
MNF-S393,MNF-A1872,1872,Lihu Lau
MNF-S393,MNF-A1873,1873,Orlora
MNF-S394,MNF-A1874,1874,Ailalec
MNF-S394,MNF-A1875,1875,Bubur Laletec
MNF-S394,MNF-A1876,1876,Caicassa
MNF-S394,MNF-A1877,1877,Sucaer Oan
MNF-S395,MNF-A1878,1878,Mane Hat
MNF-S395,MNF-A1879,1879,Nalolo
MNF-S395,MNF-A1880,1880,Saluquim
MNF-S395,MNF-A1881,1881,Tiro
MNF-S395,MNF-A1882,1882,Uebicas
MNF-S396,MNF-A1883,1883,Ainessi
MNF-S396,MNF-A1884,1884,Daramata
MNF-S396,MNF-A1885,1885,Daurata
MNF-S396,MNF-A1886,1886,Riamori
MNF-S397,MNF-A1887,1887,Fatubessi
MNF-S397,MNF-A1888,1888,Fatuboe
MNF-S397,MNF-A1889,1889,Fatumutin
MNF-S397,MNF-A1890,1890,Fuquiran
MNF-S397,MNF-A1891,1891,Cledit
MNF-S398,MNF-A1892,1892,Furac Lau
MNF-S398,MNF-A1893,1893,Laclo
MNF-S399,MNF-A1894,1894,Beremana
MNF-S399,MNF-A1895,1895,Dalubo
MNF-S399,MNF-A1896,1896,Fahilebo
MNF-S400,MNF-A1897,1897,Bussacoa
MNF-S400,MNF-A1898,1898,Fohua
MNF-S400,MNF-A1899,1899,Lemano
MNF-S400,MNF-A1900,1900,Railete
MNF-S400,MNF-A1901,1901,Risso
MNF-S401,MNF-A1902,1902,Darufu
MNF-S401,MNF-A1903,1903,Ermori
MNF-S402,MNF-A1904,1904,Leubuti
MNF-S402,MNF-A1905,1905,Lutarmata
MNF-S402,MNF-A1906,1906,Tarabula
MNF-S403,MNF-A1907,1907,Ailulimau
MNF-S403,MNF-A1908,1908,Bitibo
MNF-S403,MNF-A1909,1909,Lebucoa
MNF-S403,MNF-A1910,1910,Namoluli
MNF-S404,MNF-A1911,1911,Bilimano
MNF-S404,MNF-A1912,1912,Fanolelo
MNF-S404,MNF-A1913,1913,Fohonaru
MNF-S404,MNF-A1914,1914,Marcoluli
MNF-S404,MNF-A1915,1915,Turiscai Lau
MNF-S404,MNF-A1916,1916,Titilauai
MNF-S405,MNF-A1917,1917,Assumata
MNF-S405,MNF-A1918,1918,Cotalaulara
MNF-S405,MNF-A1919,1919,Faturedalau
MNF-S405,MNF-A1920,1920,Toilero
MNF-S406,MNF-A1921,1921,Fatu Hei
MNF-S406,MNF-A1922,1922,Foho Tu
MNF-S406,MNF-A1923,1923,Orluli
MNF-S406,MNF-A1924,1924,Rimori
MNF-S407,MNF-A1925,1925,Aidila
MNF-S407,MNF-A1926,1926,Binani
MNF-S407,MNF-A1927,1927,Maubessi
MNF-S407,MNF-A1928,1928,Orcenaco
MNF-S408,MNF-A1929,1929,Fatulelo
MNF-S408,MNF-A1930,1930,Teberai
MNF-S408,MNF-A1931,1931,Orana
MNF-S409,MNF-A1932,1932,Leo Dato
MNF-S409,MNF-A1933,1933,Rai Quesa
MNF-S410,MNF-A1934,1934,Lacaluan
MNF-S410,MNF-A1935,1935,Ueberec
MNF-S410,MNF-A1936,1936,Sarin
MNF-S411,MNF-A1937,1937,Beremanec
MNF-S411,MNF-A1938,1938,Cnua Alas
MNF-S411,MNF-A1939,1939,Debuuain
MNF-S411,MNF-A1940,1940,Uma Mean
MNF-S412,MNF-A1941,1941,Weda
MNF-S412,MNF-A1942,1942,Beisuda-Beibere
MNF-S412,MNF-A1943,1943,Uma Tali Boot
MNF-S413,MNF-A1944,1944,Ailora
MNF-S413,MNF-A1945,1945,Caqueuc Laletec
MNF-S413,MNF-A1946,1946,Manus
MNF-S413,MNF-A1947,1947,Mahaclusin
MNF-S413,MNF-A1948,1948,Lurin
MNF-S414,MNF-A1949,1949,Baria Laran
MNF-S414,MNF-A1950,1950,Culuhun
MNF-S414,MNF-A1951,1951,Colocau
MNF-S414,MNF-A1952,1952,Uma Feric
OEC-S415,OEC-A1953,1953,Bihala
OEC-S415,OEC-A1954,1954,Fatubijae
OEC-S416,OEC-A1955,1955,Cutete
OEC-S416,OEC-A1956,1956,Mahata
OEC-S417,OEC-A1957,1957,Sanane
OEC-S417,OEC-A1958,1958,Oesono
OEC-S418,OEC-A1959,1959,Maunaben
OEC-S418,OEC-A1960,1960,Noafafo
OEC-S418,OEC-A1961,1961,Noapai
OEC-S418,OEC-A1962,1962,Noeninen
OEC-S418,OEC-A1963,1963,Ume-Noah
OEC-S419,OEC-A1964,1964,Banoco
OEC-S419,OEC-A1965,1965,Manuimpena
OEC-S419,OEC-A1966,1966,Padiae
OEC-S419,OEC-A1967,1967,Usapi-Bela
OEC-S420,OEC-A1968,1968,Nefobai
OEC-S420,OEC-A1969,1969,Oemolo
OEC-S420,OEC-A1970,1970,Tulaika
OEC-S421,OEC-A1971,1971,Lacufoan
OEC-S421,OEC-A1972,1972,Oetpo
OEC-S422,OEC-A1973,1973,Baqui
OEC-S422,OEC-A1974,1974,Bonemese
OEC-S422,OEC-A1975,1975,Noque
OEC-S422,OEC-A1976,1976,Teinae
OEC-S423,OEC-A1977,1977,Bausiu
OEC-S423,OEC-A1978,1978,Sacato
OEC-S424,OEC-A1979,1979,Hauboni
OEC-S424,OEC-A1980,1980,Maquelab
OEC-S424,OEC-A1981,1981,Nemun
OEC-S424,OEC-A1982,1982,Ulas
OEC-S425,OEC-A1983,1983,Cuanobe
OEC-S425,OEC-A1984,1984,Neof-Metan
OEC-S425,OEC-A1985,1985,Hau-Tefo
OEC-S426,OEC-A1986,1986,Manan
OEC-S426,OEC-A1987,1987,Citrana
OEC-S426,OEC-A1988,1988,Lamasi
OEC-S427,OEC-A1989,1989,Mahata
OEC-S427,OEC-A1990,1990,Hau-Ufe
OEC-S427,OEC-A1991,1991,Quat-Enes
OEC-S427,OEC-A1992,1992,Bebo
OEC-S428,OEC-A1993,1993,Cabana
OEC-S428,OEC-A1994,1994,Oelnanoe
OEC-S428,OEC-A1995,1995,Fuabano
OEC-S429,OEC-A1996,1996,Nitibe
OEC-S429,OEC-A1997,1997,Quantua
OEC-S429,OEC-A1998,1998,Oamna
OEC-S429,OEC-A1999,1999,Fatunababu
OEC-S430,OEC-A2000,2000,Oenoah
OEC-S430,OEC-A2001,2001,Nonquiquan
OEC-S430,OEC-A2002,2002,Hoineno
OEC-S430,OEC-A2003,2003,Oebaha
OEC-S430,OEC-A2004,2004,Quiubiselo
OEC-S430,OEC-A2005,2005,Nianapu
OEC-S430,OEC-A2006,2006,Saben
OEC-S430,OEC-A2007,2007,Usapicolen
OEC-S430,OEC-A2008,2008,Tumin
OEC-S431,OEC-A2009,2009,Nibin
OEC-S432,OEC-A2010,2010,Buqui
OEC-S432,OEC-A2011,2011,Pune
OEC-S432,OEC-A2012,2012,Sifin
OEC-S433,OEC-A2013,2013,Passabe
OEC-S433,OEC-A2014,2014,Naetuna
OEC-S433,OEC-A2015,2015,Haemnanu
OEC-S434,OEC-A2016,2016,Malelat
VIQ-S435,VIQ-A2017,2017,Aidac
VIQ-S435,VIQ-A2018,2018,Aisahe
VIQ-S435,VIQ-A2019,2019,Camelitur
VIQ-S435,VIQ-A2020,2020,Caninuc
VIQ-S435,VIQ-A2021,2021,Welaco
VIQ-S435,VIQ-A2022,2022,Wetalitua
VIQ-S436,VIQ-A2023,2023,Aisahe
VIQ-S436,VIQ-A2024,2024,Amarleza
VIQ-S436,VIQ-A2025,2025,Balideoan
VIQ-S436,VIQ-A2026,2026,Fatohosan
VIQ-S436,VIQ-A2027,2027,Hareoan
VIQ-S436,VIQ-A2028,2028,Lacouai
VIQ-S436,VIQ-A2029,2029,Mane Claran
VIQ-S436,VIQ-A2030,2030,Webae
VIQ-S437,VIQ-A2031,2031,Cabira Oan
VIQ-S437,VIQ-A2032,2032,Has Abut
VIQ-S437,VIQ-A2033,2033,Lamaclaran
VIQ-S437,VIQ-A2034,2034,Mamulac
VIQ-S437,VIQ-A2035,2035,Manehat
VIQ-S437,VIQ-A2036,2036,Siralari
VIQ-S437,VIQ-A2037,2037,Wessa
VIQ-S438,VIQ-A2038,2038,Aidilalita
VIQ-S438,VIQ-A2039,2039,Barrabeto
VIQ-S438,VIQ-A2040,2040,Culale
VIQ-S439,VIQ-A2041,2041,Canlor
VIQ-S439,VIQ-A2042,2042,Iramer
VIQ-S439,VIQ-A2043,2043,Uma Boot
VIQ-S439,VIQ-A2044,2044,Uma Lor
VIQ-S440,VIQ-A2045,2045,Loho Oan
VIQ-S440,VIQ-A2046,2046,Macalosso
VIQ-S440,VIQ-A2047,2047,Maluru
VIQ-S441,VIQ-A2048,2048,Lulei
VIQ-S441,VIQ-A2049,2049,Mea-Uai
VIQ-S441,VIQ-A2050,2050,Uaibubo
VIQ-S441,VIQ-A2051,2051,Uatulesu
VIQ-S441,VIQ-A2052,2052,Uma-Bo'O
VIQ-S441,VIQ-A2053,2053,Uma-Liurai
VIQ-S442,VIQ-A2054,2054,Bosabein
VIQ-S442,VIQ-A2055,2055,Cailoi
VIQ-S442,VIQ-A2056,2056,Duducai
VIQ-S442,VIQ-A2057,2057,Fahi Berec
VIQ-S442,VIQ-A2058,2058,Fatuhadan
VIQ-S442,VIQ-A2059,2059,Halderai
VIQ-S442,VIQ-A2060,2060,Loho
VIQ-S442,VIQ-A2061,2061,Naeboruc
VIQ-S442,VIQ-A2062,2062,Uhacae
VIQ-S443,VIQ-A2063,2063,Bahauai
VIQ-S443,VIQ-A2064,2064,Baria
VIQ-S443,VIQ-A2065,2065,Cailoibere
VIQ-S443,VIQ-A2066,2066,Lialura
VIQ-S443,VIQ-A2067,2067,Macalico
VIQ-S443,VIQ-A2068,2068,Retica
VIQ-S443,VIQ-A2069,2069,Tutcui
VIQ-S443,VIQ-A2070,2070,Ucalele
VIQ-S444,VIQ-A2071,2071,Aidac Bein
VIQ-S444,VIQ-A2072,2072,Aina Wa'In
VIQ-S444,VIQ-A2073,2073,Bahabunac
VIQ-S444,VIQ-A2074,2074,Bahafou
VIQ-S444,VIQ-A2075,2075,Lua
VIQ-S444,VIQ-A2076,2076,Macadean
VIQ-S444,VIQ-A2077,2077,Maroman
VIQ-S444,VIQ-A2078,2078,Rai-Hun
VIQ-S445,VIQ-A2079,2079,Bete Cai Ana
VIQ-S445,VIQ-A2080,2080,Caileti Ana
VIQ-S445,VIQ-A2081,2081,Caitara Hu
VIQ-S445,VIQ-A2082,2082,Heni Uta
VIQ-S445,VIQ-A2083,2083,Liaro
VIQ-S446,VIQ-A2084,2084,Builo
VIQ-S446,VIQ-A2085,2085,Buareca
VIQ-S446,VIQ-A2086,2086,Derulo
VIQ-S446,VIQ-A2087,2087,Lutuguia
VIQ-S447,VIQ-A2088,2088,Baha Neo
VIQ-S447,VIQ-A2089,2089,Cai-Ua
VIQ-S447,VIQ-A2090,2090,Liacuda
VIQ-S447,VIQ-A2091,2091,Liaruca
VIQ-S447,VIQ-A2092,2092,Selele
VIQ-S448,VIQ-A2093,2093,Cai Latu Lale
VIQ-S448,VIQ-A2094,2094,Lia Uai Oli
VIQ-S448,VIQ-A2095,2095,Samaliu
VIQ-S448,VIQ-A2096,2096,Uala Uau
VIQ-S448,VIQ-A2097,2097,Uai-Heda
VIQ-S449,VIQ-A2098,2098,Darenau
VIQ-S449,VIQ-A2099,2099,Macabu'U
VIQ-S449,VIQ-A2100,2100,Maurate
VIQ-S449,VIQ-A2101,2101,Raila'A
VIQ-S449,VIQ-A2102,2102,Samarogo
VIQ-S450,VIQ-A2103,2103,Fatu Dere
VIQ-S450,VIQ-A2104,2104,Laisorule
VIQ-S450,VIQ-A2105,2105,Raimuti
VIQ-S450,VIQ-A2106,2106,Sama Lari
VIQ-S450,VIQ-A2107,2107,Uai-Bobo
VIQ-S450,VIQ-A2108,2108,Uatu-Laua
VIQ-S450,VIQ-A2109,2109,Umabere
VIQ-S450,VIQ-A2110,2110,Umatamene
VIQ-S451,VIQ-A2111,2111,Baca-Isi
VIQ-S451,VIQ-A2112,2112,Belas
VIQ-S451,VIQ-A2113,2113,Borala
VIQ-S451,VIQ-A2114,2114,Cai Uai Ho'O
VIQ-S451,VIQ-A2115,2115,Liamida
VIQ-S451,VIQ-A2116,2116,Lugabuti
VIQ-S451,VIQ-A2117,2117,Uairio
VIQ-S451,VIQ-A2118,2118,Uma Ana Ico
VIQ-S452,VIQ-A2119,2119,Dasarai
VIQ-S452,VIQ-A2120,2120,Dolibuti
VIQ-S452,VIQ-A2121,2121,Luhabere
VIQ-S452,VIQ-A2122,2122,Manulari
VIQ-S452,VIQ-A2123,2123,Uaitutumata
VIQ-S452,VIQ-A2124,2124,Uatumanutuco
VIQ-S453,VIQ-A2125,2125,Buanurac
VIQ-S453,VIQ-A2126,2126,Dauborobaha
VIQ-S453,VIQ-A2127,2127,Laritame
VIQ-S453,VIQ-A2128,2128,Leque-Buti
VIQ-S453,VIQ-A2129,2129,Ossogori
VIQ-S453,VIQ-A2130,2130,Uai-Lia
VIQ-S454,VIQ-A2131,2131,Darenau
VIQ-S454,VIQ-A2132,2132,Leo
VIQ-S454,VIQ-A2133,2133,Mundailo
VIQ-S454,VIQ-A2134,2134,Samaliurai
VIQ-S454,VIQ-A2135,2135,Sogau
VIQ-S454,VIQ-A2136,2136,Oitau
VIQ-S454,VIQ-A2137,2137,Uanise
VIQ-S455,VIQ-A2138,2138,Buibela
VIQ-S455,VIQ-A2139,2139,Cailaque
VIQ-S455,VIQ-A2140,2140,Caitau
VIQ-S455,VIQ-A2141,2141,Daco Ate
VIQ-S455,VIQ-A2142,2142,Lari
VIQ-S455,VIQ-A2143,2143,Lena
VIQ-S455,VIQ-A2144,2144,Loro Sa'E
VIQ-S455,VIQ-A2145,2145,Ossocaiua
VIQ-S455,VIQ-A2146,2146,Uaicai
VIQ-S455,VIQ-A2147,2147,Uatu Ita
VIQ-S456,VIQ-A2148,2148,Abadere
VIQ-S456,VIQ-A2149,2149,Aha-Bu'U
VIQ-S456,VIQ-A2150,2150,Assa-Muta
VIQ-S456,VIQ-A2151,2151,Beli
VIQ-S456,VIQ-A2152,2152,Cota Nisi
VIQ-S456,VIQ-A2153,2153,Daralari
VIQ-S456,VIQ-A2154,2154,Lia Sidi
VIQ-S456,VIQ-A2155,2155,Roma
VIQ-S457,VIQ-A2156,2156,Betulari
VIQ-S457,VIQ-A2157,2157,Coquilaco
VIQ-S457,VIQ-A2158,2158,Gomiuro
VIQ-S457,VIQ-A2159,2159,Lacarate
VIQ-S457,VIQ-A2160,2160,Lau-Uma
VIQ-S457,VIQ-A2161,2161,Lutuguia
VIQ-S457,VIQ-A2162,2162,Ossolari
VIQ-S458,VIQ-A2163,2163,Aele
VIQ-S458,VIQ-A2164,2164,Buca Dalan- Matahoi
VIQ-S458,VIQ-A2165,2165,Calohan-Uatulo
VIQ-S458,VIQ-A2166,2166,Iraler
VIQ-S458,VIQ-A2167,2167,Dalan Los- Uanama
VIQ-S458,VIQ-A2168,2168,Loco Loco
VIQ-S458,VIQ-A2169,2169,Mau Ciac
VIQ-S458,VIQ-A2170,2170,Mauseloc
VIQ-S458,VIQ-A2171,2171,Tatilari
VIQ-S458,VIQ-A2172,2172,Uani Uma
VIQ-S458,VIQ-A2173,2173,Uasufa
VIQ-S458,VIQ-A2174,2174,Ulusu
VIQ-S459,VIQ-A2175,2175,Bobolaco
VIQ-S459,VIQ-A2176,2176,Caidaualari
VIQ-S459,VIQ-A2177,2177,Caidaulata
VIQ-S459,VIQ-A2178,2178,Daralari
VIQ-S459,VIQ-A2179,2179,Edemumo
VIQ-S459,VIQ-A2180,2180,Liacaiua
VIQ-S459,VIQ-A2181,2181,Macadique
VIQ-S459,VIQ-A2182,2182,Namanei
VIQ-S460,VIQ-A2183,2183,Bobulita
VIQ-S460,VIQ-A2184,2184,Borobai
VIQ-S460,VIQ-A2185,2185,Digamasi
VIQ-S460,VIQ-A2186,2186,Luroboro
VIQ-S460,VIQ-A2187,2187,Mata Dalan
VIQ-S460,VIQ-A2188,2188,Quetorai
VIQ-S461,VIQ-A2189,2189,Fohomano
VIQ-S461,VIQ-A2190,2190,Macadique
VIQ-S461,VIQ-A2191,2191,Rai La'A
VIQ-S461,VIQ-A2192,2192,Sana
VIQ-S461,VIQ-A2193,2193,Uma-Qui'Ic
VIQ-S462,VIQ-A2194,2194,Bahabuga
VIQ-S462,VIQ-A2195,2195,Baha-O
VIQ-S462,VIQ-A2196,2196,Bailabasiba
VIQ-S462,VIQ-A2197,2197,Culudere
VIQ-S462,VIQ-A2198,2198,Matau
VIQ-S462,VIQ-A2199,2199,Mauboro
VIQ-S462,VIQ-A2200,2200,Uani Uma
VIQ-S463,VIQ-A2201,2201,Cai Uailita
VIQ-S463,VIQ-A2202,2202,Daralari
VIQ-S463,VIQ-A2203,2203,Lacuhu
VIQ-S463,VIQ-A2204,2204,Lequiuala
VIQ-S464,VIQ-A2205,2205,Builacurae
VIQ-S464,VIQ-A2206,2206,Tatadere
VIQ-S464,VIQ-A2207,2207,Nelu-Uai
VIQ-S464,VIQ-A2208,2208,Uaimare
VIQ-S465,VIQ-A2209,2209,Caida Ho'O
VIQ-S465,VIQ-A2210,2210,Cao Oli Ho'O
VIQ-S465,VIQ-A2211,2211,Mar Rae
VIQ-S465,VIQ-A2212,2212,Tetumori
VIQ-S465,VIQ-A2213,2213,Uatubita
VIQ-S466,VIQ-A2214,2214,Beturia
VIQ-S466,VIQ-A2215,2215,Lacoloro Ho'O
VIQ-S466,VIQ-A2216,2216,Macaqui
VIQ-S466,VIQ-A2217,2217,Macausa
VIQ-S466,VIQ-A2218,2218,Taradai
VIQ-S466,VIQ-A2219,2219,Taradiga
VIQ-S466,VIQ-A2220,2220,Uatudere
VIQ-S467,VIQ-A2221,2221,Assafada'E
VIQ-S467,VIQ-A2222,2222,Bualale
VIQ-S467,VIQ-A2223,2223,Deni-Hare
VIQ-S467,VIQ-A2224,2224,Lau-Aba
VIQ-S467,VIQ-A2225,2225,Liabuta
VIQ-S468,VIQ-A2226,2226,Alaoli
VIQ-S468,VIQ-A2227,2227,Boro-Bohae
VIQ-S468,VIQ-A2228,2228,Osso-Mali
VIQ-S468,VIQ-A2229,2229,Uatuliloli
VIQ-S468,VIQ-A2230,2230,Udu
VIQ-S469,VIQ-A2231,2231,Ailo'Oc
VIQ-S469,VIQ-A2232,2232,Cai Ua
VIQ-S469,VIQ-A2233,2233,Crarec Boco
VIQ-S469,VIQ-A2234,2234,Hali Mean
VIQ-S469,VIQ-A2235,2235,Hali Oan
VIQ-S470,VIQ-A2236,2236,Acadiruhun
VIQ-S470,VIQ-A2237,2237,Aidac Laran
VIQ-S470,VIQ-A2238,2238,Boruc
VIQ-S470,VIQ-A2239,2239,Rade Uman
VIQ-S470,VIQ-A2240,2240,Tula Oli
VIQ-S471,VIQ-A2241,2241,Aimeta Hun
VIQ-S471,VIQ-A2242,2242,Fatucado
VIQ-S471,VIQ-A2243,2243,Mau-Ama
VIQ-S471,VIQ-A2244,2244,Micradek
VIQ-S471,VIQ-A2245,2245,St. Antonio
VIQ-S472,VIQ-A2246,2246,Aisuco-Nuc
VIQ-S472,VIQ-A2247,2247,Crarec Moruc
VIQ-S472,VIQ-A2248,2248,Data Metan
VIQ-S472,VIQ-A2249,2249,Fahilain
VIQ-S472,VIQ-A2250,2250,Tali Oan
