munisipiu,code,name,foun
AIL,AIL-01,Aileu Vila,
AIL,AIL-02,Laulara,
AIL,AIL-03,Lequidoe,
AIL,AIL-04,Remexio,
AIN,AIN-01,Ainaro,
AIN,AIN-02,Hatu-Builico,
AIN,AIN-03,Hatudo,
AIN,AIN-04,Maubisse,
ATA,ATA-01,Ataúro,
BAU,BAU-01,Baguia,
BAU,BAU-02,Baucau,
BAU,BAU-03,Laga,
BAU,BAU-04,Quelicai,
BAU,BAU-05,Vemasse,
BAU,BAU-06,Venilale,
BOB,BOB-01,Atabae,
BOB,BOB-02,Balibo,
BOB,BOB-03,Bobonaro,
BOB,BOB-04,Cailaco,
BOB,BOB-05,Lolotoe,
BOB,BOB-06,Maliana,
COV,COV-01,Fatululic,
COV,COV-02,Fatumean,
COV,COV-03,Fohorem,
COV,COV-04,Maucatar,
COV,COV-05,Suai,
COV,COV-06,Tilomar,
COV,COV-07,Zumalai,
DIL,DIL-01,Cristo Rei,
DIL,DIL-02,Dom Aleixo,
DIL,DIL-03,Metinaro,
DIL,DIL-04,Nain Feto,
DIL,DIL-05,Vera Cruz,
ERM,ERM-01,Atsabe,
ERM,ERM-02,Ermera,
ERM,ERM-03,Hatulia,
ERM,ERM-04,Letefoho,
ERM,ERM-05,Railaco,
LAU,LAU-01,Iliomar,
LAU,LAU-02,Lautém,
LAU,LAU-03,Lospalos,
LAU,LAU-04,Luro,
LAU,LAU-05,Tutuala,
LIQ,LIQ-01,Bazartete,
LIQ,LIQ-02,Liquiçá,
LIQ,LIQ-03,Maubara,
MAN,MAN-01,Barique,
MAN,MAN-02,Laclo,
MAN,MAN-03,Laclubar,
MAN,MAN-04,Laleia,
MAN,MAN-05,Manatuto,
MAN,MAN-06,Soibada,
MNF,MNF-01,Alas,
MNF,MNF-02,Fatuberlio,
MNF,MNF-03,Same,
MNF,MNF-04,Turiscai,
OEC,OEC-01,Nitibe,
OEC,OEC-02,Oesilo,
OEC,OEC-03,Pante Macassar,
OEC,OEC-04,Passabe,
VIQ,VIQ-01,Lacluta,
VIQ,VIQ-02,Ossu,
VIQ,VIQ-03,Uatucarbau,
VIQ,VIQ-04,Uatolari,
VIQ,VIQ-05,Viqueque,
BAU,BAU-07,Quelicai Antigu,SIN (DM 31/2026)
BAU,BAU-08,Matebian,SIN (DM 31/2026)
ERM,ERM-06,Hatulia A,SIN (DM 31/2026)
ERM,ERM-07,Hatulia B,SIN (DM 31/2026)
LAU,LAU-06,Loré,SIN (DM 31/2026)
LIQ,LIQ-04,Loes,SIN (DM 31/2026)
