munisipiu,munisipiu_naran,no,suku_code,suku,postu_code,postu,verifika,sujestaun,n_aldeia,obs
AIL,Aileu,1,AIL-S001,Aissirimou,AIL-01,Aileu Vila,,,5,
AIL,Aileu,2,AIL-S002,Banudato,AIL-01,Aileu Vila,,,3,
AIL,Aileu,3,AIL-S003,Fahiria,AIL-01,Aileu Vila,,,5,
AIL,Aileu,4,AIL-S004,Fatubossa,AIL-01,Aileu Vila,,,7,
AIL,Aileu,5,AIL-S005,Hurai Raco,AIL-01,Aileu Vila,,,4,
AIL,Aileu,6,AIL-S006,Hoholau,AIL-01,Aileu Vila,,,5,
AIL,Aileu,7,AIL-S007,Lahae,AIL-01,Aileu Vila,,,5,
AIL,Aileu,8,AIL-S008,Lausi,AIL-01,Aileu Vila,,,3,
AIL,Aileu,9,AIL-S009,Lequitura,AIL-01,Aileu Vila,,,4,
AIL,Aileu,10,AIL-S010,Sarin,AIL-01,Aileu Vila,,,3,Novo Suco
AIL,Aileu,11,AIL-S011,Suco Liurai,AIL-01,Aileu Vila,,,8,Naran hanesan ho suco seluk iha munisípiu ne'e (kódigu la hanesan; PDF la hakerek I/II)
AIL,Aileu,12,AIL-S012,Saboria,AIL-01,Aileu Vila,,,3,
AIL,Aileu,13,AIL-S013,Seloi Craic,AIL-01,Aileu Vila,,,10,
AIL,Aileu,14,AIL-S014,Seloi Malere,AIL-01,Aileu Vila,,,4,
AIL,Aileu,15,AIL-S015,Acumau,,,SIN,Label posto la iha PDF. Hili: AIL-02 Laulara / AIL-03 Lequidoe / AIL-04 Remexio (ka AIL-01 Aileu Vila),2,
AIL,Aileu,16,AIL-S016,Aicurus,,,SIN,Label posto la iha PDF. Hili: AIL-02 Laulara / AIL-03 Lequidoe / AIL-04 Remexio,4,Novo Suco
AIL,Aileu,17,AIL-S017,Karahili,,,SIN,Label posto la iha PDF. Hili: AIL-02 Laulara / AIL-03 Lequidoe / AIL-04 Remexio,4,
AIL,Aileu,18,AIL-S018,Suco Liurai,,,SIN,Label posto la iha PDF. Hili: AIL-02 Laulara / AIL-03 Lequidoe / AIL-04 Remexio,3,Naran hanesan ho suco seluk iha munisípiu ne'e (kódigu la hanesan; PDF la hakerek I/II)
AIL,Aileu,19,AIL-S019,Tulataqueo,,,SIN,Label posto la iha PDF. Hili: AIL-02 Laulara / AIL-03 Lequidoe / AIL-04 Remexio,2,
AIL,Aileu,20,AIL-S020,Fadabloco,,,SIN,Label posto la iha PDF. Hili: AIL-02 Laulara / AIL-03 Lequidoe / AIL-04 Remexio,4,
AIL,Aileu,21,AIL-S021,Faturaca,,,SIN,Label posto la iha PDF. Hili: AIL-02 Laulara / AIL-03 Lequidoe / AIL-04 Remexio,4,
AIL,Aileu,22,AIL-S022,Maumeta,,,SIN,Label posto la iha PDF. Hili: AIL-02 Laulara / AIL-03 Lequidoe / AIL-04 Remexio,3,
AIL,Aileu,23,AIL-S023,Hautoho,,,SIN,Label posto la iha PDF. Hili: AIL-02 Laulara / AIL-03 Lequidoe / AIL-04 Remexio,3,
AIL,Aileu,24,AIL-S024,Fahisoi,,,SIN,Label posto la iha PDF. Hili: AIL-02 Laulara / AIL-03 Lequidoe / AIL-04 Remexio,3,Naran hanesan ho suco seluk iha munisípiu ne'e (kódigu la hanesan; PDF la hakerek I/II)
AIL,Aileu,25,AIL-S025,Acubilitoho,,,SIN,Label posto la iha PDF. Hili: AIL-02 Laulara / AIL-03 Lequidoe / AIL-04 Remexio,3,Kolun NO ALDEIA mamuk iha PDF (konta husi tabela)
AIL,Aileu,26,AIL-S026,Betulau,,,SIN,Label posto la iha PDF. Hili: AIL-02 Laulara / AIL-03 Lequidoe / AIL-04 Remexio,3,Kolun NO ALDEIA mamuk iha PDF (konta husi tabela)
AIL,Aileu,27,AIL-S027,Bereleu,,,SIN,Label posto la iha PDF. Hili: AIL-02 Laulara / AIL-03 Lequidoe / AIL-04 Remexio,5,Kolun NO ALDEIA mamuk iha PDF (konta husi tabela)
AIL,Aileu,28,AIL-S028,Fahisoi,,,SIN,Label posto la iha PDF. Hili: AIL-02 Laulara / AIL-03 Lequidoe / AIL-04 Remexio,3,Naran hanesan ho suco seluk iha munisípiu ne'e (kódigu la hanesan; PDF la hakerek I/II)
AIL,Aileu,29,AIL-S029,Faturilau,,,SIN,Label posto la iha PDF. Hili: AIL-02 Laulara / AIL-03 Lequidoe / AIL-04 Remexio,2,
AIL,Aileu,30,AIL-S030,Manucassa,,,SIN,Label posto la iha PDF. Hili: AIL-02 Laulara / AIL-03 Lequidoe / AIL-04 Remexio,2,
AIL,Aileu,31,AIL-S031,Namolesso,,,SIN,Label posto la iha PDF. Hili: AIL-02 Laulara / AIL-03 Lequidoe / AIL-04 Remexio,4,
AIL,Aileu,32,AIL-S032,Bocolelo,,,SIN,Label posto la iha PDF. Hili: AIL-02 Laulara / AIL-03 Lequidoe / AIL-04 Remexio,4,
AIL,Aileu,33,AIL-S033,Cotolau,,,SIN,Label posto la iha PDF. Hili: AIL-02 Laulara / AIL-03 Lequidoe / AIL-04 Remexio,5,
AIL,Aileu,34,AIL-S034,Talitu,,,SIN,Label posto la iha PDF. Hili: AIL-02 Laulara / AIL-03 Lequidoe / AIL-04 Remexio,4,
AIL,Aileu,35,AIL-S035,Madabeno,,,SIN,Label posto la iha PDF. Hili: AIL-02 Laulara / AIL-03 Lequidoe / AIL-04 Remexio,6,
AIL,Aileu,36,AIL-S036,Tohumeta,,,SIN,Label posto la iha PDF. Hili: AIL-02 Laulara / AIL-03 Lequidoe / AIL-04 Remexio,3,
AIL,Aileu,37,AIL-S037,Fatisi,,,SIN,Label posto la iha PDF. Hili: AIL-02 Laulara / AIL-03 Lequidoe / AIL-04 Remexio,3,
AIN,Ainaro,38,AIN-S038,Ainaro,AIN-01,Ainaro,,,7,
AIN,Ainaro,39,AIN-S039,Cassa,AIN-01,Ainaro,,,5,
AIN,Ainaro,40,AIN-S040,Manutaci,AIN-01,Ainaro,,,4,
AIN,Ainaro,41,AIN-S041,Mau-Nuno,AIN-01,Ainaro,,,3,
AIN,Ainaro,42,AIN-S042,Mau-Ulo,AIN-01,Ainaro,,,5,
AIN,Ainaro,43,AIN-S043,Soro,AIN-01,Ainaro,,,4,
AIN,Ainaro,44,AIN-S044,Suro-Craic,AIN-01,Ainaro,,,4,
AIN,Ainaro,45,AIN-S045,Aituto,AIN-04,Maubisse,,,9,
AIN,Ainaro,46,AIN-S046,Edi,AIN-04,Maubisse,,,6,
AIN,Ainaro,47,AIN-S047,Fatubessi,AIN-04,Maubisse,,,6,
AIN,Ainaro,48,AIN-S048,Horai-Quik,AIN-04,Maubisse,,,4,
AIN,Ainaro,49,AIN-S049,Liurai,AIN-04,Maubisse,,,4,
AIN,Ainaro,50,AIN-S050,Manelobas,AIN-04,Maubisse,,,4,
AIN,Ainaro,51,AIN-S051,Manetu,AIN-04,Maubisse,,,7,
AIN,Ainaro,52,AIN-S052,Maubisse,AIN-04,Maubisse,,,12,
AIN,Ainaro,53,AIN-S053,Maulau,AIN-04,Maubisse,,,10,
AIN,Ainaro,54,AIN-S054,Mauchiga,AIN-02,Hatu-Builico,,,5,
AIN,Ainaro,55,AIN-S055,Mulo,AIN-02,Hatu-Builico,,,8,
AIN,Ainaro,56,AIN-S056,Nuno-Mogue,AIN-02,Hatu-Builico,,,8,
AIN,Ainaro,57,AIN-S057,Foho-Ai-Lico,AIN-03,Hatudo,,,6,
AIN,Ainaro,58,AIN-S058,Leo-Lima,AIN-03,Hatudo,,,10,
ATA,Ataúro,59,ATA-S059,Beloi,ATA-01,Ataúro,,,4,
ATA,Ataúro,60,ATA-S060,Biqueli,ATA-01,Ataúro,,,4,
ATA,Ataúro,61,ATA-S061,Macadade,ATA-01,Ataúro,,,4,
ATA,Ataúro,62,ATA-S062,Maquili,ATA-01,Ataúro,,,4,
ATA,Ataúro,63,ATA-S063,Vila Mau Meta,ATA-01,Ataúro,,,3,
BAU,Baucau,64,BAU-S064,Afaloicai,BAU-01,Baguia,,,4,
BAU,Baucau,65,BAU-S065,Alaua-Craic,BAU-01,Baguia,,,5,
BAU,Baucau,66,BAU-S066,Alaua Leten,BAU-01,Baguia,,,5,
BAU,Baucau,67,BAU-S067,Defauasi,BAU-01,Baguia,,,4,
BAU,Baucau,68,BAU-S068,Haeconi,BAU-01,Baguia,,,6,
BAU,Baucau,69,BAU-S069,Larisula,BAU-01,Baguia,,,7,
BAU,Baucau,70,BAU-S070,Lavateri,BAU-01,Baguia,,,5,
BAU,Baucau,71,BAU-S071,Osso Huna,BAU-01,Baguia,,,3,
BAU,Baucau,72,BAU-S072,Samalari,BAU-01,Baguia,,,4,Naran hanesan ho suco seluk iha munisípiu ne'e (kódigu la hanesan; PDF la hakerek I/II)
BAU,Baucau,73,BAU-S073,Uacala,BAU-01,Baguia,,,4,
BAU,Baucau,74,BAU-S074,Bahu,BAU-02,Baucau,,,5,
BAU,Baucau,75,BAU-S075,Bucoli,BAU-02,Baucau,,,6,
BAU,Baucau,76,BAU-S076,Buibau,BAU-02,Baucau,,,2,
BAU,Baucau,77,BAU-S077,Builai,BAU-02,Baucau,,,4,
BAU,Baucau,78,BAU-S078,Buruma,BAU-02,Baucau,,,4,
BAU,Baucau,79,BAU-S079,Caibada,BAU-02,Baucau,,,3,
BAU,Baucau,80,BAU-S080,Aibada Macasa,BAU-02,Baucau,,,4,
BAU,Baucau,81,BAU-S081,Gariuai,BAU-02,Baucau,,,8,
BAU,Baucau,82,BAU-S082,Seiçal,BAU-02,Baucau,,,5,
BAU,Baucau,83,BAU-S083,Samalari,BAU-02,Baucau,,,4,Naran hanesan ho suco seluk iha munisípiu ne'e (kódigu la hanesan; PDF la hakerek I/II)
BAU,Baucau,84,BAU-S084,Tirilolo,BAU-02,Baucau,,,6,
BAU,Baucau,85,BAU-S085,Triloca,BAU-02,Baucau,,,4,
BAU,Baucau,86,BAU-S086,Uailili,BAU-02,Baucau,,,10,
BAU,Baucau,87,BAU-S087,Atelari,BAU-03,Laga,,,10,
BAU,Baucau,88,BAU-S088,Libagua,BAU-03,Laga,,,5,
BAU,Baucau,89,BAU-S089,Nunira,BAU-03,Laga,,,5,
BAU,Baucau,90,BAU-S090,Saelari,BAU-03,Laga,,,9,
BAU,Baucau,91,BAU-S091,Sagadate,BAU-03,Laga,,,11,
BAU,Baucau,92,BAU-S092,Samalari,BAU-03,Laga,,,6,Naran hanesan ho suco seluk iha munisípiu ne'e (kódigu la hanesan; PDF la hakerek I/II)
BAU,Baucau,93,BAU-S093,Ueru-Mata,BAU-03,Laga,,,1,
BAU,Baucau,94,BAU-S094,Soba,BAU-03,Laga,,,6,
BAU,Baucau,95,BAU-S095,Tequinaumata,,,SIN,Suco iha fronteira entre posto rua. Hili: BAU-03 Laga / BAU-04 Quelicai,4,
BAU,Baucau,96,BAU-S096,Abafala,BAU-04,Quelicai,,,4,
BAU,Baucau,97,BAU-S097,Baguia,BAU-04,Quelicai,,,3,
BAU,Baucau,98,BAU-S098,Bualale,BAU-04,Quelicai,,,2,
BAU,Baucau,99,BAU-S099,Lacoliu,BAU-04,Quelicai,,,3,
BAU,Baucau,100,BAU-S100,Letemumo,BAU-04,Quelicai,,,5,
BAU,Baucau,101,BAU-S101,Macalaco,BAU-04,Quelicai,,,3,
BAU,Baucau,102,BAU-S102,Uaitame,BAU-04,Quelicai,,,4,
BAU,Baucau,103,BAU-S103,Afaça,BAU-07,Quelicai Antigu,,,3,
BAU,Baucau,104,BAU-S104,Guruça,BAU-07,Quelicai Antigu,,,5,
BAU,Baucau,105,BAU-S105,Namanei,BAU-07,Quelicai Antigu,,,4,
BAU,Baucau,106,BAU-S106,Abo,BAU-08,Matebian,,,4,
BAU,Baucau,107,BAU-S107,Isorolai de Bai,BAU-08,Matebian,,,4,
BAU,Baucau,108,BAU-S108,Isorolai de Cim,BAU-08,Matebian,,,3,
BAU,Baucau,109,BAU-S109,Lelalai,BAU-08,Matebian,,,4,
BAU,Baucau,110,BAU-S110,Maluro,BAU-08,Matebian,,,4,
BAU,Baucau,111,BAU-S111,Caicua,BAU-05,Vemasse,,,2,
BAU,Baucau,112,BAU-S112,Loilubo,BAU-05,Vemasse,,,3,
BAU,Baucau,113,BAU-S113,Ossouala,BAU-05,Vemasse,,,5,
BAU,Baucau,114,BAU-S114,Ostico,BAU-05,Vemasse,,,3,
BAU,Baucau,115,BAU-S115,Uaigae,BAU-05,Vemasse,,,2,
BAU,Baucau,116,BAU-S116,Uato-Lari,BAU-05,Vemasse,,,3,
BAU,Baucau,117,BAU-S117,Vemasse,BAU-05,Vemasse,,,4,
BAU,Baucau,118,BAU-S118,Bado-Ho'O,BAU-06,Venilale,,,5,
BAU,Baucau,119,BAU-S119,Baha Mori,BAU-06,Venilale,,,6,
BAU,Baucau,120,BAU-S120,Fatulia,BAU-06,Venilale,,,4,
BAU,Baucau,121,BAU-S121,Uailaha,BAU-06,Venilale,,,4,
BAU,Baucau,122,BAU-S122,Uai Oli,BAU-06,Venilale,,,4,
BAU,Baucau,123,BAU-S123,Uatu Haco,BAU-06,Venilale,,,4,
BAU,Baucau,124,BAU-S124,Uma-Ana-Iku,BAU-06,Venilale,,,4,
BAU,Baucau,125,BAU-S125,Uma Ana Ulo,BAU-06,Venilale,,,4,
BOB,Bobonaro,126,BOB-S126,Atabae,BOB-01,Atabae,,,5,
BOB,Bobonaro,127,BOB-S127,Hataz,BOB-01,Atabae,,,4,
BOB,Bobonaro,128,BOB-S128,Rairobo,BOB-01,Atabae,,,4,
BOB,Bobonaro,129,BOB-S129,Aidabaleten,BOB-01,Atabae,,,7,
BOB,Bobonaro,130,BOB-S130,Colimau,BOB-03,Bobonaro,,,5,
BOB,Bobonaro,131,BOB-S131,Soileco,BOB-03,Bobonaro,,,2,
BOB,Bobonaro,132,BOB-S132,Tapo,BOB-03,Bobonaro,,,2,
BOB,Bobonaro,133,BOB-S133,Carabau,BOB-03,Bobonaro,,,5,
BOB,Bobonaro,134,BOB-S134,Cota Boot,BOB-03,Bobonaro,,,2,
BOB,Bobonaro,135,BOB-S135,Ilat-Laun,BOB-03,Bobonaro,,,3,
BOB,Bobonaro,136,BOB-S136,Ai-Assa,BOB-03,Bobonaro,,,6,
BOB,Bobonaro,137,BOB-S137,Bobonaro,BOB-03,Bobonaro,,,3,
BOB,Bobonaro,138,BOB-S138,Atu-Aben,BOB-03,Bobonaro,,,2,
BOB,Bobonaro,139,BOB-S139,Leber,BOB-03,Bobonaro,,,5,
BOB,Bobonaro,140,BOB-S140,Lour,BOB-03,Bobonaro,,,4,
BOB,Bobonaro,141,BOB-S141,Lourba,BOB-03,Bobonaro,,,4,
BOB,Bobonaro,142,BOB-S142,Maliubu,BOB-03,Bobonaro,,,5,
BOB,Bobonaro,143,BOB-S143,Malilait,BOB-03,Bobonaro,,,3,
BOB,Bobonaro,144,BOB-S144,Molop,BOB-03,Bobonaro,,,4,
BOB,Bobonaro,145,BOB-S145,Sibuni,BOB-03,Bobonaro,,,3,
BOB,Bobonaro,146,BOB-S146,Tebabui,,,SIN,Suco iha fronteira entre posto rua. Hili: BOB-03 Bobonaro / BOB-06 Maliana,3,
BOB,Bobonaro,147,BOB-S147,Oeleo,,,SIN,Suco iha fronteira entre posto rua. Hili: BOB-03 Bobonaro / BOB-06 Maliana,2,
BOB,Bobonaro,148,BOB-S148,Lahomea,BOB-06,Maliana,,,5,
BOB,Bobonaro,149,BOB-S149,Raifun,BOB-06,Maliana,,,3,
BOB,Bobonaro,150,BOB-S150,Ritabou,BOB-06,Maliana,,,12,
BOB,Bobonaro,151,BOB-S151,Odomau,BOB-06,Maliana,,,4,
BOB,Bobonaro,152,BOB-S152,Holsa,BOB-06,Maliana,,,6,
BOB,Bobonaro,153,BOB-S153,Tapo Memo,BOB-06,Maliana,,,6,
BOB,Bobonaro,154,BOB-S154,Saburai,BOB-06,Maliana,,,3,
BOB,Bobonaro,155,BOB-S155,Raiheu,,,SIN,Suco iha fronteira entre posto rua. Hili: BOB-04 Cailaco / BOB-06 Maliana,3,
BOB,Bobonaro,156,BOB-S156,Meligo,BOB-04,Cailaco,,,4,
BOB,Bobonaro,157,BOB-S157,Daudo,BOB-04,Cailaco,,,2,
BOB,Bobonaro,158,BOB-S158,Goulolo,BOB-04,Cailaco,,,3,
BOB,Bobonaro,159,BOB-S159,Atudara,BOB-04,Cailaco,,,4,
BOB,Bobonaro,160,BOB-S160,Guenulai,BOB-04,Cailaco,,,3,
BOB,Bobonaro,161,BOB-S161,Purugoa,BOB-04,Cailaco,,,2,
BOB,Bobonaro,162,BOB-S162,Manapa,,,SIN,Suco iha fronteira entre posto rua. Hili: BOB-04 Cailaco / BOB-05 Lolotoe,3,
BOB,Bobonaro,163,BOB-S163,Gildapil,BOB-05,Lolotoe,,,2,
BOB,Bobonaro,164,BOB-S164,Lebos,BOB-05,Lolotoe,,,2,
BOB,Bobonaro,165,BOB-S165,Lontas,BOB-05,Lolotoe,,,3,
BOB,Bobonaro,166,BOB-S166,Deudet,BOB-05,Lolotoe,,,3,
BOB,Bobonaro,167,BOB-S167,Guda,BOB-05,Lolotoe,,,4,
BOB,Bobonaro,168,BOB-S168,Opa,BOB-05,Lolotoe,,,3,
BOB,Bobonaro,169,BOB-S169,Lupal,BOB-05,Lolotoe,,,3,
BOB,Bobonaro,170,BOB-S170,Sanirin,BOB-02,Balibo,,,3,
BOB,Bobonaro,171,BOB-S171,Leolima,BOB-02,Balibo,,,4,
BOB,Bobonaro,172,BOB-S172,Batugade,BOB-02,Balibo,,,3,
BOB,Bobonaro,173,BOB-S173,Cowa,BOB-02,Balibo,,,5,
BOB,Bobonaro,174,BOB-S174,Balibo Vila,BOB-02,Balibo,,,7,
BOB,Bobonaro,175,BOB-S175,Leohitu,BOB-02,Balibo,,,5,
COV,Covalima,176,COV-S176,Labarai,COV-05,Suai,,,5,
COV,Covalima,177,COV-S177,Camenaça,COV-05,Suai,,,4,
COV,Covalima,178,COV-S178,Beco,COV-05,Suai,,,11,
COV,Covalima,179,COV-S179,Debos,COV-05,Suai,,,9,
COV,Covalima,180,COV-S180,Suai Loro,COV-05,Suai,,,5,
COV,Covalima,181,COV-S181,Beiseuc,COV-06,Tilomar,,,7,
COV,Covalima,182,COV-S182,Maudemo,COV-06,Tilomar,,,7,
COV,Covalima,183,COV-S183,Lalawa,COV-06,Tilomar,,,6,
COV,Covalima,184,COV-S184,Casabauc,COV-06,Tilomar,,,3,
COV,Covalima,185,COV-S185,Fatumea,COV-02,Fatumean,,,4,
COV,Covalima,186,COV-S186,Nanu,COV-02,Fatumean,,,4,
COV,Covalima,187,COV-S187,Belulic Leten,COV-02,Fatumean,,,4,
COV,Covalima,188,COV-S188,Fohorem,COV-03,Fohorem,,,5,
COV,Covalima,189,COV-S189,Dato Rua,COV-03,Fohorem,,,3,
COV,Covalima,190,COV-S190,Lactos,COV-03,Fohorem,,,4,
COV,Covalima,191,COV-S191,Dato Tolu,COV-03,Fohorem,,,3,
COV,Covalima,192,COV-S192,Matai,COV-04,Maucatar,,,4,
COV,Covalima,193,COV-S193,Belecasac,COV-04,Maucatar,,,7,
COV,Covalima,194,COV-S194,Ogues,COV-04,Maucatar,,,5,
COV,Covalima,195,COV-S195,Holpilat,COV-04,Maucatar,,,6,
COV,Covalima,196,COV-S196,Zulo,COV-07,Zumalai,,,4,
COV,Covalima,197,COV-S197,Mape,COV-07,Zumalai,,,3,
COV,Covalima,198,COV-S198,Fatuleto,COV-07,Zumalai,,,5,
COV,Covalima,199,COV-S199,Ucecai,COV-07,Zumalai,,,2,
COV,Covalima,200,COV-S200,Lour,COV-07,Zumalai,,,7,
COV,Covalima,201,COV-S201,Raimea,COV-07,Zumalai,,,4,
COV,Covalima,202,COV-S202,Lepo,COV-07,Zumalai,,,5,
COV,Covalima,203,COV-S203,Tashilin,COV-07,Zumalai,,,4,
COV,Covalima,204,COV-S204,Fatulúlic,COV-01,Fatululic,,,3,
COV,Covalima,205,COV-S205,Taroman,COV-01,Fatululic,,,5,
DIL,Díli,206,DIL-S206,Dare,DIL-05,Vera Cruz,,,10,
DIL,Díli,207,DIL-S207,Lahane Ocidental,DIL-05,Vera Cruz,,,11,
DIL,Díli,208,DIL-S208,Vila Verde,DIL-05,Vera Cruz,,,9,
DIL,Díli,209,DIL-S209,Mascarenhas,DIL-05,Vera Cruz,,,6,
DIL,Díli,210,DIL-S210,Motael,DIL-05,Vera Cruz,,,5,
DIL,Díli,211,DIL-S211,Colmera,DIL-05,Vera Cruz,,,2,
DIL,Díli,212,DIL-S212,Caicoli,DIL-05,Vera Cruz,,,5,
DIL,Díli,213,DIL-S213,Mantelolão,DIL-03,Metinaro,,,6,
DIL,Díli,214,DIL-S214,Sabuli,DIL-03,Metinaro,,,4,
DIL,Díli,215,DIL-S215,Wenunuc,DIL-03,Metinaro,,,4,
DIL,Díli,216,DIL-S216,Akadiru Hun,,,SIN,Suco iha fronteira entre posto rua. Hili: DIL-04 Nain Feto,3,
DIL,Díli,217,DIL-S217,Bemori,,,SIN,Suco iha fronteira entre posto rua. Hili: DIL-04 Nain Feto,7,
DIL,Díli,218,DIL-S218,Bidau Licedere,,,SIN,Suco iha fronteira entre posto rua. Hili: DIL-04 Nain Feto,2,
DIL,Díli,219,DIL-S219,Grecinfor,DIL-04,Nain Feto,,,3,
DIL,Díli,220,DIL-S220,Santa Cruz,DIL-04,Nain Feto,,,10,
DIL,Díli,221,DIL-S221,Lahane Oriental,,,SIN,Suco iha fronteira entre posto rua. Hili: DIL-04 Nain Feto / DIL-01 Cristo Rei,13,
DIL,Díli,222,DIL-S222,Ailok,DIL-01,Cristo Rei,,,4,
DIL,Díli,223,DIL-S223,Balibar,DIL-01,Cristo Rei,,,4,
DIL,Díli,224,DIL-S224,Becora,DIL-01,Cristo Rei,,,10,
DIL,Díli,225,DIL-S225,Santa-Ana,DIL-01,Cristo Rei,,,4,
DIL,Díli,226,DIL-S226,Camea,DIL-01,Cristo Rei,,,13,
DIL,Díli,227,DIL-S227,Culu-Hun,DIL-01,Cristo Rei,,,7,
DIL,Díli,228,DIL-S228,Hera,DIL-01,Cristo Rei,,,6,
DIL,Díli,229,DIL-S229,Meti-Aut,DIL-01,Cristo Rei,,,3,
DIL,Díli,230,DIL-S230,Madohi,,,SIN,Suco iha fronteira entre posto rua. Hili: DIL-02 Dom Aleixo / DIL-01 Cristo Rei,8,
DIL,Díli,231,DIL-S231,Bairo-Pite,DIL-02,Dom Aleixo,,,26,
DIL,Díli,232,DIL-S232,Comoro,DIL-02,Dom Aleixo,,,14,
DIL,Díli,233,DIL-S233,Manleuana,DIL-02,Dom Aleixo,,,10,
DIL,Díli,234,DIL-S234,Fatuhada,DIL-02,Dom Aleixo,,,5,
DIL,Díli,235,DIL-S235,Bebonuk,DIL-02,Dom Aleixo,,,5,
DIL,Díli,236,DIL-S236,Kampung Alor,DIL-02,Dom Aleixo,,,3,
ERM,Ermera,237,ERM-S237,Mirtuto,ERM-02,Ermera,,,4,
ERM,Ermera,238,ERM-S238,Humboe,ERM-02,Ermera,,,4,
ERM,Ermera,239,ERM-S239,Ponilala,ERM-02,Ermera,,,5,
ERM,Ermera,240,ERM-S240,Riheu,ERM-02,Ermera,,,5,
ERM,Ermera,241,ERM-S241,Lauala,ERM-02,Ermera,,,3,
ERM,Ermera,242,ERM-S242,Raimerhei,ERM-02,Ermera,,,6,
ERM,Ermera,243,ERM-S243,Leguimea,ERM-02,Ermera,,,6,
ERM,Ermera,244,ERM-S244,Estado,ERM-02,Ermera,,,12,
ERM,Ermera,245,ERM-S245,Talimoro,ERM-02,Ermera,,,5,
ERM,Ermera,246,ERM-S246,Poetete,ERM-02,Ermera,,,5,
ERM,Ermera,247,ERM-S247,Poetete Lodudu,,,SIN,Suco iha fronteira entre posto rua. Hili: ERM-02 Ermera / ERM-01 Atsabe,3,
ERM,Ermera,248,ERM-S248,Poetete Vila,,,SIN,Suco iha fronteira entre posto rua. Hili: ERM-02 Ermera / ERM-01 Atsabe,4,
ERM,Ermera,249,ERM-S249,Atara,ERM-01,Atsabe,,,6,
ERM,Ermera,250,ERM-S250,Baboe Kraik,ERM-01,Atsabe,,,6,
ERM,Ermera,251,ERM-S251,Baboe Leten,ERM-01,Atsabe,,,4,
ERM,Ermera,252,ERM-S252,Batumano,ERM-01,Atsabe,,,4,
ERM,Ermera,253,ERM-S253,Lação,ERM-01,Atsabe,,,4,
ERM,Ermera,254,ERM-S254,Laclo,ERM-01,Atsabe,,,4,
ERM,Ermera,255,ERM-S255,Laubono,ERM-01,Atsabe,,,3,
ERM,Ermera,256,ERM-S256,Leimea Leten,ERM-01,Atsabe,,,8,
ERM,Ermera,257,ERM-S257,Malabe,ERM-01,Atsabe,,,4,
ERM,Ermera,258,ERM-S258,Obulo,ERM-01,Atsabe,,,7,
ERM,Ermera,259,ERM-S259,Parami,ERM-01,Atsabe,,,6,
ERM,Ermera,260,ERM-S260,Tiarlelo,ERM-01,Atsabe,,,3,
ERM,Ermera,261,ERM-S261,Asulau Sare,ERM-01,Atsabe,,,6,
ERM,Ermera,262,ERM-S262,Ailelo,ERM-06,Hatulia A,,,4,
ERM,Ermera,263,ERM-S263,Coliate-Leotelo,ERM-06,Hatulia A,,,4,
ERM,Ermera,264,ERM-S264,Coliate-Leten,ERM-06,Hatulia A,,,3,
ERM,Ermera,265,ERM-S265,Hatulia Vila,ERM-06,Hatulia A,,,4,
ERM,Ermera,266,ERM-S266,Leimea Craic,ERM-06,Hatulia A,,,3,
ERM,Ermera,267,ERM-S267,Leimea Sorin Balu,ERM-06,Hatulia A,,,2,
ERM,Ermera,268,ERM-S268,Manusae,ERM-06,Hatulia A,,,5,
ERM,Ermera,269,ERM-S269,Samara,ERM-07,Hatulia B,,,2,
ERM,Ermera,270,ERM-S270,Fatubessi,ERM-07,Hatulia B,,,6,
ERM,Ermera,271,ERM-S271,Fatubolo,ERM-07,Hatulia B,,,4,
ERM,Ermera,272,ERM-S272,Liçapat,ERM-07,Hatulia B,,,6,
ERM,Ermera,273,ERM-S273,Mau-Ubo,ERM-07,Hatulia B,,,4,
ERM,Ermera,274,ERM-S274,Urahou,ERM-07,Hatulia B,,,6,
ERM,Ermera,275,ERM-S275,Railaco Leten,,,SIN,Suco iha fronteira entre posto rua. Hili: ERM-05 Railaco / ERM-07 Hatulia B,5,
ERM,Ermera,276,ERM-S276,Deleso,ERM-05,Railaco,,,2,
ERM,Ermera,277,ERM-S277,Fatuquero,ERM-05,Railaco,,,2,
ERM,Ermera,278,ERM-S278,Lihu,ERM-05,Railaco,,,4,
ERM,Ermera,279,ERM-S279,Matata,ERM-05,Railaco,,,4,
ERM,Ermera,280,ERM-S280,Samalete,ERM-05,Railaco,,,3,
ERM,Ermera,281,ERM-S281,Railaco Craik,ERM-05,Railaco,,,4,
ERM,Ermera,282,ERM-S282,Taraço,ERM-05,Railaco,,,2,
ERM,Ermera,283,ERM-S283,Tocoluli,,,SIN,Suco iha fronteira entre posto rua. Hili: ERM-05 Railaco / ERM-04 Letefoho,3,
ERM,Ermera,284,ERM-S284,Assui-Lau,ERM-04,Letefoho,,,5,
ERM,Ermera,285,ERM-S285,Ducurai,ERM-04,Letefoho,,,8,
ERM,Ermera,286,ERM-S286,Catrai-Craic,ERM-04,Letefoho,,,9,
ERM,Ermera,287,ERM-S287,Catrai-Leten,ERM-04,Letefoho,,,7,
ERM,Ermera,288,ERM-S288,Lauana,ERM-04,Letefoho,,,10,
ERM,Ermera,289,ERM-S289,Eraulo,ERM-04,Letefoho,,,6,
ERM,Ermera,290,ERM-S290,Goulolo,ERM-04,Letefoho,,,4,
ERM,Ermera,291,ERM-S291,Hatugau,ERM-04,Letefoho,,,6,
ERM,Ermera,292,ERM-S292,Haupu,ERM-04,Letefoho,,,12,
LAU,Lautém,293,LAU-S293,Aelebere,LAU-01,Iliomar,,,4,
LAU,Lautém,294,LAU-S294,Caenlio,LAU-01,Iliomar,,,5,
LAU,Lautém,295,LAU-S295,Fuat,LAU-01,Iliomar,,,3,
LAU,Lautém,296,LAU-S296,Iliomar,LAU-01,Iliomar,,,5,Naran hanesan ho suco seluk iha munisípiu ne'e (kódigu la hanesan; PDF la hakerek I/II)
LAU,Lautém,297,LAU-S297,Iliomar,LAU-01,Iliomar,,,5,Naran hanesan ho suco seluk iha munisípiu ne'e (kódigu la hanesan; PDF la hakerek I/II)
LAU,Lautém,298,LAU-S298,Tirilolo,LAU-01,Iliomar,,,3,
LAU,Lautém,299,LAU-S299,Baduro,,,SIN,Label posto la iha PDF. Hili: LAU-02 Lautém,5,
LAU,Lautém,300,LAU-S300,Com,,,SIN,Label posto la iha PDF. Hili: LAU-02 Lautém,6,
LAU,Lautém,301,LAU-S301,Daudere,,,SIN,Label posto la iha PDF. Hili: LAU-02 Lautém,8,
LAU,Lautém,302,LAU-S302,Euquisi,,,SIN,Label posto la iha PDF. Hili: LAU-02 Lautém,3,
LAU,Lautém,303,LAU-S303,Ililai,,,SIN,Label posto la iha PDF. Hili: LAU-02 Lautém,2,
LAU,Lautém,304,LAU-S304,Maina,,,SIN,Label posto la iha PDF. Hili: LAU-02 Lautém,5,Naran hanesan ho suco seluk iha munisípiu ne'e (kódigu la hanesan; PDF la hakerek I/II)
LAU,Lautém,305,LAU-S305,Maina,,,SIN,Label posto la iha PDF. Hili: LAU-02 Lautém,5,Naran hanesan ho suco seluk iha munisípiu ne'e (kódigu la hanesan; PDF la hakerek I/II)
LAU,Lautém,306,LAU-S306,Pairara,,,SIN,Label posto la iha PDF. Hili: LAU-02 Lautém,4,
LAU,Lautém,307,LAU-S307,Parlamento,,,SIN,Label posto la iha PDF. Hili: LAU-02 Lautém,5,
LAU,Lautém,308,LAU-S308,Serelau,,,SIN,Label posto la iha PDF. Hili: LAU-02 Lautém,3,
LAU,Lautém,309,LAU-S309,Bauro,,,SIN,Label posto la iha PDF. Hili: LAU-02 Lautém (ka LAU-03 Lospalos),5,
LAU,Lautém,310,LAU-S310,Cacavem,LAU-03,Lospalos,,,4,
LAU,Lautém,311,LAU-S311,Fuiloro,LAU-03,Lospalos,,,11,
LAU,Lautém,312,LAU-S312,Home,LAU-03,Lospalos,,,4,
LAU,Lautém,313,LAU-S313,Leuro,LAU-03,Lospalos,,,4,
LAU,Lautém,314,LAU-S314,Muapitine,LAU-03,Lospalos,,,5,
LAU,Lautém,315,LAU-S315,Raça,LAU-03,Lospalos,,,3,
LAU,Lautém,316,LAU-S316,Souro,LAU-03,Lospalos,,,7,
LAU,Lautém,317,LAU-S317,Loré I,LAU-06,Loré,,,6,
LAU,Lautém,318,LAU-S318,Loré II,LAU-06,Loré,,,3,
LAU,Lautém,319,LAU-S319,Afabubu,LAU-04,Luro,,,2,
LAU,Lautém,320,LAU-S320,Baricafa,LAU-04,Luro,,,3,
LAU,Lautém,321,LAU-S321,Cotamutu,LAU-04,Luro,,,3,
LAU,Lautém,322,LAU-S322,Lacawa,LAU-04,Luro,,,3,
LAU,Lautém,323,LAU-S323,Luro,LAU-04,Luro,,,5,
LAU,Lautém,324,LAU-S324,Wairoque,LAU-04,Luro,,,5,
LAU,Lautém,325,LAU-S325,Mehara,LAU-05,Tutuala,,,3,
LAU,Lautém,326,LAU-S326,Tutuala,LAU-05,Tutuala,,,4,
LIQ,Liquiçá,327,LIQ-S327,Beduku,LIQ-01,Bazartete,,,3,Novo Suco
LIQ,Liquiçá,328,LIQ-S328,Maumeta,LIQ-01,Bazartete,,,4,
LIQ,Liquiçá,329,LIQ-S329,Tibar,LIQ-01,Bazartete,,,4,
LIQ,Liquiçá,330,LIQ-S330,Ulmera,LIQ-01,Bazartete,,,9,
LIQ,Liquiçá,331,LIQ-S331,Motaulun,LIQ-01,Bazartete,,,3,
LIQ,Liquiçá,332,LIQ-S332,Metagou,LIQ-01,Bazartete,,,3,
LIQ,Liquiçá,333,LIQ-S333,Lauhata,LIQ-01,Bazartete,,,5,
LIQ,Liquiçá,334,LIQ-S334,Leorema,LIQ-01,Bazartete,,,10,
LIQ,Liquiçá,335,LIQ-S335,Fatumasi,LIQ-01,Bazartete,,,4,
LIQ,Liquiçá,336,LIQ-S336,Fahilebu,,,SIN,Suco iha fronteira entre posto rua. Hili: LIQ-02 Liquiçá / LIQ-01 Bazartete,3,
LIQ,Liquiçá,337,LIQ-S337,Açumanu,,,SIN,Suco iha fronteira entre posto rua. Hili: LIQ-02 Liquiçá / LIQ-01 Bazartete,4,
LIQ,Liquiçá,338,LIQ-S338,Darulete,LIQ-02,Liquiçá,,,4,
LIQ,Liquiçá,339,LIQ-S339,Dato,LIQ-02,Liquiçá,,,10,
LIQ,Liquiçá,340,LIQ-S340,Loidahar,LIQ-02,Liquiçá,,,4,
LIQ,Liquiçá,341,LIQ-S341,Hatuquessi,LIQ-02,Liquiçá,,,8,
LIQ,Liquiçá,342,LIQ-S342,Luculai,LIQ-02,Liquiçá,,,4,
LIQ,Liquiçá,343,LIQ-S343,Leotala,LIQ-02,Liquiçá,,,5,
LIQ,Liquiçá,344,LIQ-S344,Maubaralissa,LIQ-03,Maubara,,,5,PDF hakerek númeru 354 (salah-ketik)
LIQ,Liquiçá,345,LIQ-S345,Vatuvou,LIQ-03,Maubara,,,10,
LIQ,Liquiçá,346,LIQ-S346,Vaviquinia,LIQ-03,Maubara,,,7,
LIQ,Liquiçá,347,LIQ-S347,Gugleur,LIQ-03,Maubara,,,11,
LIQ,Liquiçá,348,LIQ-S348,Vatuboro,LIQ-04,Loes,,,5,
LIQ,Liquiçá,349,LIQ-S349,Lissadila,LIQ-04,Loes,,,7,
LIQ,Liquiçá,350,LIQ-S350,Guiço,LIQ-04,Loes,,,5,
MAN,Manatuto,351,MAN-S351,Ailili,MAN-05,Manatuto,,,2,
MAN,Manatuto,352,MAN-S352,Aiteas,MAN-05,Manatuto,,,3,
MAN,Manatuto,353,MAN-S353,Cribas,MAN-05,Manatuto,,,5,
MAN,Manatuto,354,MAN-S354,Iliheu,MAN-05,Manatuto,,,2,
MAN,Manatuto,355,MAN-S355,Ma'Abat,MAN-05,Manatuto,,,2,
MAN,Manatuto,356,MAN-S356,Rembor,MAN-05,Manatuto,,,3,Novo Suco
MAN,Manatuto,357,MAN-S357,Sau,MAN-05,Manatuto,,,2,
MAN,Manatuto,358,MAN-S358,Cairui,MAN-04,Laleia,,,7,
MAN,Manatuto,359,MAN-S359,Haturalan,MAN-04,Laleia,,,3,
MAN,Manatuto,360,MAN-S360,Lifau,MAN-04,Laleia,,,3,
MAN,Manatuto,361,MAN-S361,Hohorai,MAN-02,Laclo,,,4,
MAN,Manatuto,362,MAN-S362,Lacumesac,MAN-02,Laclo,,,5,
MAN,Manatuto,363,MAN-S363,Laicore,MAN-02,Laclo,,,4,
MAN,Manatuto,364,MAN-S364,Uma Caduac,MAN-02,Laclo,,,4,
MAN,Manatuto,365,MAN-S365,Uma Naruc,,,SIN,Suco iha fronteira entre posto rua. Hili: MAN-02 Laclo / MAN-03 Laclubar,4,
MAN,Manatuto,366,MAN-S366,Batara,MAN-03,Laclubar,,,4,
MAN,Manatuto,367,MAN-S367,Funar,MAN-03,Laclubar,,,4,
MAN,Manatuto,368,MAN-S368,Fatumaquerec,MAN-03,Laclubar,,,3,
MAN,Manatuto,369,MAN-S369,Manelima,MAN-03,Laclubar,,,6,
MAN,Manatuto,370,MAN-S370,Orlalan,MAN-03,Laclubar,,,8,
MAN,Manatuto,371,MAN-S371,Sananain,MAN-03,Laclubar,,,4,
MAN,Manatuto,372,MAN-S372,Fatu-Maquerec,,,SIN,Suco iha fronteira entre posto rua. Hili: MAN-06 Soibada / MAN-03 Laclubar,2,
MAN,Manatuto,373,MAN-S373,Leo-Hat,MAN-06,Soibada,,,2,
MAN,Manatuto,374,MAN-S374,Maun-Fahe,MAN-06,Soibada,,,2,
MAN,Manatuto,375,MAN-S375,Manlala,MAN-06,Soibada,,,2,
MAN,Manatuto,376,MAN-S376,Samoro,MAN-06,Soibada,,,2,
MAN,Manatuto,377,MAN-S377,Aubeon,MAN-01,Barique,,,2,
MAN,Manatuto,378,MAN-S378,Barique,MAN-01,Barique,,,2,
MAN,Manatuto,379,MAN-S379,Fatuwaque,MAN-01,Barique,,,2,
MAN,Manatuto,380,MAN-S380,Manehat,MAN-01,Barique,,,3,
MAN,Manatuto,381,MAN-S381,Sikone-Diloli,MAN-01,Barique,,,2,
MAN,Manatuto,382,MAN-S382,Uma Boco,MAN-01,Barique,,,2,
MNF,Manufahi,383,MNF-S383,Babulo,MNF-03,Same,,,8,
MNF,Manufahi,384,MNF-S384,Betano,MNF-03,Same,,,6,
MNF,Manufahi,385,MNF-S385,Dai-Sua,MNF-03,Same,,,5,
MNF,Manufahi,386,MNF-S386,Datina-Xamaco,MNF-03,Same,,,2,Novo Suco
MNF,Manufahi,387,MNF-S387,Grotu,MNF-03,Same,,,3,
MNF,Manufahi,388,MNF-S388,Holarua,MNF-03,Same,,,11,
MNF,Manufahi,389,MNF-S389,Letefoho,MNF-03,Same,,,7,
MNF,Manufahi,390,MNF-S390,Rotuto,MNF-03,Same,,,5,
MNF,Manufahi,391,MNF-S391,Tutuluro,MNF-03,Same,,,7,
MNF,Manufahi,392,MNF-S392,Uetano Fatuk-Kuak,,,SIN,Suco iha fronteira entre posto rua. Hili: MNF-03 Same / MNF-02 Fatuberlio,3,Novo Suco
MNF,Manufahi,393,MNF-S393,Bubususo,MNF-02,Fatuberlio,,,5,
MNF,Manufahi,394,MNF-S394,Caicassa,MNF-02,Fatuberlio,,,4,
MNF,Manufahi,395,MNF-S395,Clacuc,MNF-02,Fatuberlio,,,5,
MNF,Manufahi,396,MNF-S396,Fahinehan,MNF-02,Fatuberlio,,,4,
MNF,Manufahi,397,MNF-S397,Fatucahi,MNF-02,Fatuberlio,,,5,
MNF,Manufahi,398,MNF-S398,Aitemua,,,SIN,Suco iha fronteira entre posto rua. Hili: MNF-04 Turiscai / MNF-02 Fatuberlio,2,
MNF,Manufahi,399,MNF-S399,Beremana,MNF-04,Turiscai,,,3,
MNF,Manufahi,400,MNF-S400,Caimauc,MNF-04,Turiscai,,,5,
MNF,Manufahi,401,MNF-S401,Fatucalo,MNF-04,Turiscai,,,2,
MNF,Manufahi,402,MNF-S402,Foholau,MNF-04,Turiscai,,,3,
MNF,Manufahi,403,MNF-S403,Lessuata,MNF-04,Turiscai,,,4,
MNF,Manufahi,404,MNF-S404,Liurai,MNF-04,Turiscai,,,6,
MNF,Manufahi,405,MNF-S405,Manumera,MNF-04,Turiscai,,,4,
MNF,Manufahi,406,MNF-S406,Matorec,MNF-04,Turiscai,,,4,
MNF,Manufahi,407,MNF-S407,Mindelo,MNF-04,Turiscai,,,4,
MNF,Manufahi,408,MNF-S408,Orana,,,SIN,Suco iha fronteira entre posto rua. Hili: MNF-04 Turiscai / MNF-01 Alas,3,
MNF,Manufahi,409,MNF-S409,Aituha,MNF-01,Alas,,,2,
MNF,Manufahi,410,MNF-S410,Dotic,MNF-01,Alas,,,3,
MNF,Manufahi,411,MNF-S411,Maha-Quidan,MNF-01,Alas,,,4,
MNF,Manufahi,412,MNF-S412,Tahu-Bein,MNF-01,Alas,,,3,
MNF,Manufahi,413,MNF-S413,Taitudac,MNF-01,Alas,,,5,
MNF,Manufahi,414,MNF-S414,Uma Berloic,MNF-01,Alas,,,4,
OEC,Oé-Cusse Ambeno (RAEOA),415,OEC-S415,Bobocasse,OEC-03,Pante Macassar,,,2,
OEC,Oé-Cusse Ambeno (RAEOA),416,OEC-S416,Cutete,OEC-03,Pante Macassar,,,2,
OEC,Oé-Cusse Ambeno (RAEOA),417,OEC-S417,Costa,OEC-03,Pante Macassar,,,2,
OEC,Oé-Cusse Ambeno (RAEOA),418,OEC-S418,Cunha,OEC-03,Pante Macassar,,,5,
OEC,Oé-Cusse Ambeno (RAEOA),419,OEC-S419,Lalisuc,OEC-03,Pante Macassar,,,4,
OEC,Oé-Cusse Ambeno (RAEOA),420,OEC-S420,Lifau,OEC-03,Pante Macassar,,,3,
OEC,Oé-Cusse Ambeno (RAEOA),421,OEC-S421,Mone-Meco,OEC-03,Pante Macassar,,,2,
OEC,Oé-Cusse Ambeno (RAEOA),422,OEC-S422,Naimeco,OEC-03,Pante Macassar,,,4,
OEC,Oé-Cusse Ambeno (RAEOA),423,OEC-S423,Nipane,OEC-03,Pante Macassar,,,2,
OEC,Oé-Cusse Ambeno (RAEOA),424,OEC-S424,Taiboco,OEC-03,Pante Macassar,,,4,
OEC,Oé-Cusse Ambeno (RAEOA),425,OEC-S425,Ban-Afi,OEC-01,Nitibe,,,3,
OEC,Oé-Cusse Ambeno (RAEOA),426,OEC-S426,Bene-Ufe,OEC-01,Nitibe,,,3,
OEC,Oé-Cusse Ambeno (RAEOA),427,OEC-S427,Lela-Ufe,OEC-01,Nitibe,,,4,
OEC,Oé-Cusse Ambeno (RAEOA),428,OEC-S428,Suni-Ufe,OEC-01,Nitibe,,,3,
OEC,Oé-Cusse Ambeno (RAEOA),429,OEC-S429,Usi-Taco,OEC-01,Nitibe,,,4,
OEC,Oé-Cusse Ambeno (RAEOA),430,OEC-S430,Bobometo,OEC-02,Oesilo,,,9,
OEC,Oé-Cusse Ambeno (RAEOA),431,OEC-S431,Usitaqueno,OEC-02,Oesilo,,,1,
OEC,Oé-Cusse Ambeno (RAEOA),432,OEC-S432,Usitasae,OEC-02,Oesilo,,,3,
OEC,Oé-Cusse Ambeno (RAEOA),433,OEC-S433,Abani,OEC-04,Passabe,,,3,
OEC,Oé-Cusse Ambeno (RAEOA),434,OEC-S434,Malelat,OEC-04,Passabe,,,1,
VIQ,Viqueque,435,VIQ-S435,Bahalarauain,VIQ-05,Viqueque,,,6,
VIQ,Viqueque,436,VIQ-S436,Bibileo,VIQ-05,Viqueque,,,8,
VIQ,Viqueque,437,VIQ-S437,Caraubalo,VIQ-05,Viqueque,,,7,
VIQ,Viqueque,438,VIQ-S438,Fatudere,VIQ-05,Viqueque,,,3,
VIQ,Viqueque,439,VIQ-S439,Luca,VIQ-05,Viqueque,,,4,
VIQ,Viqueque,440,VIQ-S440,Maluru,VIQ-05,Viqueque,,,3,
VIQ,Viqueque,441,VIQ-S441,Uaimori,VIQ-05,Viqueque,,,6,
VIQ,Viqueque,442,VIQ-S442,Uma Uain Craic,VIQ-05,Viqueque,,,9,
VIQ,Viqueque,443,VIQ-S443,Uma Uain Leten,VIQ-05,Viqueque,,,8,
VIQ,Viqueque,444,VIQ-S444,Uma Quic,VIQ-05,Viqueque,,,8,
VIQ,Viqueque,445,VIQ-S445,Builale,VIQ-02,Ossu,,,5,
VIQ,Viqueque,446,VIQ-S446,Builo,VIQ-02,Ossu,,,4,
VIQ,Viqueque,447,VIQ-S447,Liaruca,VIQ-02,Ossu,,,5,
VIQ,Viqueque,448,VIQ-S448,Loi-Huno,VIQ-02,Ossu,,,5,
VIQ,Viqueque,449,VIQ-S449,Nahareca,VIQ-02,Ossu,,,5,
VIQ,Viqueque,450,VIQ-S450,Ossorua,VIQ-02,Ossu,,,8,
VIQ,Viqueque,451,VIQ-S451,Ossu de Cima,VIQ-02,Ossu,,,8,
VIQ,Viqueque,452,VIQ-S452,Uaguia,VIQ-02,Ossu,,,6,
VIQ,Viqueque,453,VIQ-S453,Uabubo,VIQ-02,Ossu,,,6,
VIQ,Viqueque,454,VIQ-S454,Uaibobo,,,SIN,Suco iha fronteira entre posto rua. Hili: VIQ-04 Uatolari / VIQ-02 Ossu,7,
VIQ,Viqueque,455,VIQ-S455,Afaloicai,VIQ-04,Uatolari,,,10,Naran hanesan ho suco seluk iha munisípiu ne'e (kódigu la hanesan; PDF la hakerek I/II)
VIQ,Viqueque,456,VIQ-S456,Babulo,VIQ-04,Uatolari,,,8,
VIQ,Viqueque,457,VIQ-S457,Macadique de Baixo,VIQ-04,Uatolari,,,7,
VIQ,Viqueque,458,VIQ-S458,Matahoi,VIQ-04,Uatolari,,,12,
VIQ,Viqueque,459,VIQ-S459,Macadique de Cima,VIQ-04,Uatolari,,,8,
VIQ,Viqueque,460,VIQ-S460,Macadique Uaitame,VIQ-04,Uatolari,,,6,
VIQ,Viqueque,461,VIQ-S461,Uaitame,VIQ-04,Uatolari,,,5,
VIQ,Viqueque,462,VIQ-S462,Vessoru,VIQ-04,Uatolari,,,7,
VIQ,Viqueque,463,VIQ-S463,Afaloicai,,,SIN,Suco iha fronteira entre posto rua. Hili: VIQ-04 Uatolari / VIQ-03 Uatucarbau,4,Naran hanesan ho suco seluk iha munisípiu ne'e (kódigu la hanesan; PDF la hakerek I/II)
VIQ,Viqueque,464,VIQ-S464,Bahatata,VIQ-03,Uatucarbau,,,4,
VIQ,Viqueque,465,VIQ-S465,Irabin de Cima,VIQ-03,Uatucarbau,,,5,
VIQ,Viqueque,466,VIQ-S466,Irabin de Baixo,VIQ-03,Uatucarbau,,,7,
VIQ,Viqueque,467,VIQ-S467,Loi Ulo,VIQ-03,Uatucarbau,,,5,
VIQ,Viqueque,468,VIQ-S468,Uani-Uma,VIQ-03,Uatucarbau,,,5,
VIQ,Viqueque,469,VIQ-S469,Ahic,VIQ-01,Lacluta,,,5,
VIQ,Viqueque,470,VIQ-S470,Dilor,VIQ-01,Lacluta,,,5,
VIQ,Viqueque,471,VIQ-S471,Laline,VIQ-01,Lacluta,,,5,
VIQ,Viqueque,472,VIQ-S472,Uma-Tolu,VIQ-01,Lacluta,,,5,
